id,target
0,1
1,0
2,0
3,0
4,0
5,1
6,1
7,1
8,1
9,1
10,0
11,0
12,1
13,1
14,1
15,1
16,1
17,0
18,1
19,0
20,0
21,0
22,0
23,0
24,1
25,0
26,0
27,0
28,1
29,0
30,1
31,1
32,1
33,1
34,0
35,0
36,1
37,1
38,0
39,0
40,0
41,0
42,1
43,0
44,1
45,1
46,0
47,0
48,0
49,0
50,1
51,0
52,1
53,0
54,1
55,0
56,1
57,0
58,1
59,1
60,0
61,1
62,0
63,0
64,1
65,1
66,1
67,1
68,0
69,1
70,1
71,0
72,0
73,1
74,0
75,1
76,1
77,0
78,1
79,1
80,1
81,0
82,0
83,0
84,0
85,0
86,0
87,1
88,0
89,1
90,1
91,1
92,1
93,1
94,1
95,1
96,1
97,0
98,1
99,1
100,1
101,0
102,1
103,0
104,1
105,1
106,1
107,0
108,0
109,0
110,0
111,0
112,1
113,0
114,1
115,0
116,0
117,1
118,0
119,0
120,1
121,1
122,1
123,0
124,1
125,0
126,0
127,0
128,1
129,1
130,1
131,1
132,0
133,1
134,1
135,1
136,1
137,0
138,0
139,1
140,0
141,1
142,1
143,1
144,0
145,1
146,0
147,0
148,1
149,1
150,0
151,0
152,1
153,0
154,0
155,1
156,1
157,0
158,0
159,0
160,1
161,0
162,0
163,1
164,0
165,1
166,0
167,0
168,1
169,0
170,0
171,0
172,1
173,0
174,1
175,1
176,1
177,0
178,0
179,1
180,0
181,1
182,1
183,1
184,0
185,1
186,1
187,0
188,0
189,1
190,1
191,0
192,0
193,1
194,1
195,1
196,1
197,1
198,0
199,1
200,0
201,1
202,0
203,1
204,1
205,0
206,1
207,1
208,1
209,0
210,1
211,0
212,0
213,0
214,0
215,1
216,1
217,0
218,1
219,1
220,0
221,1
222,1
223,1
224,1
225,1
226,0
227,1
228,0
229,1
230,0
231,1
232,0
233,0
234,1
235,0
236,1
237,1
238,1
239,1
240,0
241,0
242,0
243,0
244,0
245,1
246,0
247,1
248,1
249,1
250,0
251,1
252,1
253,0
254,0
255,0
256,0
257,1
258,1
259,0
260,0
261,1
262,0
263,0
264,1
265,1
266,1
267,1
268,0
269,1
270,1
271,1
272,1
273,0
274,1
275,0
276,1
277,1
278,1
279,1
280,0
281,1
282,0
283,0
284,0
285,0
286,0
287,0
288,1
289,0
290,0
291,0
292,0
293,0
294,1
295,1
296,0
297,0
298,1
299,0
300,0
301,0
302,0
303,0
304,1
305,0
306,1
307,0
308,0
309,1
310,0
311,0
312,0
313,1
314,0
315,0
316,1
317,0
318,0
319,1
320,1
321,0
322,1
323,1
324,0
325,0
326,1
327,1
328,0
329,1
330,0
331,1
332,1
333,1
334,0
335,0
336,0
337,0
338,1
339,0
340,0
341,1
342,0
343,1
344,0
345,0
346,1
347,0
348,0
349,1
350,1
351,0
352,1
353,1
354,1
355,0
356,1
357,1
358,1
359,1
360,0
361,1
362,1
363,0
364,0
365,0
366,1
367,0
368,1
369,1
370,0
371,0
372,1
373,0
374,1
375,1
376,0
377,0
378,1
379,1
380,0
381,0
382,0
383,1
384,1
385,0
386,1
387,1
388,1
389,0
390,1
391,1
392,0
393,1
394,0
395,1
396,0
397,0
398,0
399,0
400,1
401,1
402,1
403,1
404,0
405,1
406,0
407,1
408,0
409,0
410,0
411,0
412,1
413,0
414,0
415,1
416,1
417,1
418,0
419,1
420,0
421,1
422,1
423,1
424,0
425,1
426,1
427,0
428,1
429,0
430,1
431,0
432,1
433,1
434,1
435,1
436,1
437,0
438,0
439,1
440,1
441,0
442,1
443,0
444,0
445,0
446,0
447,1
448,0
449,0
450,0
451,0
452,0
453,0
454,0
455,1
456,0
457,0
458,1
459,0
460,0
461,1
462,1
463,0
464,0
465,0
466,1
467,0
468,0
469,0
470,1
471,1
472,0
473,1
474,1
475,0
476,0
477,0
478,1
479,0
480,0
481,0
482,1
483,1
484,0
485,0
486,0
487,0
488,0
489,1
490,1
491,1
492,0
493,0
494,0
495,1
496,0
497,0
498,1
499,0
500,1
501,0
502,0
503,0
504,0
505,0
506,0
507,1
508,1
509,0
510,1
511,0
512,0
513,1
514,0
515,0
516,0
517,0
518,0
519,1
520,0
521,0
522,1
523,1
524,0
525,0
526,0
527,0
528,0
529,0
530,1
531,1
532,0
533,0
534,0
535,1
536,1
537,0
538,1
539,0
540,1
541,0
542,1
543,1
544,1
545,0
546,0
547,1
548,0
549,0
550,1
551,1
552,0
553,1
554,1
555,1
556,0
557,0
558,1
559,1
560,1
561,0
562,1
563,0
564,0
565,0
566,0
567,0
568,0
569,0
570,1
571,0
572,1
573,0
574,0
575,1
576,0
577,1
578,0
579,0
580,1
581,0
582,1
583,1
584,0
585,1
586,1
587,1
588,1
589,1
590,0
591,1
592,0
593,1
594,1
595,1
596,1
597,0
598,0
599,0
600,0
601,0
602,0
603,0
604,1
605,1
606,1
607,0
608,1
609,0
610,1
611,1
612,1
613,1
614,1
615,0
616,0
617,0
618,1
619,1
620,1
621,0
622,1
623,0
624,1
625,0
626,0
627,1
628,0
629,0
630,0
631,0
632,1
633,0
634,1
635,1
636,1
637,0
638,1
639,0
640,1
641,0
642,0
643,1
644,1
645,0
646,1
647,1
648,1
649,0
650,0
651,0
652,0
653,1
654,0
655,0
656,1
657,1
658,0
659,0
660,0
661,1
662,1
663,1
664,0
665,1
666,1
667,1
668,0
669,1
670,0
671,1
672,0
673,1
674,0
675,0
676,0
677,1
678,0
679,0
680,0
681,0
682,0
683,0
684,1
685,1
686,0
687,0
688,1
689,0
690,1
691,0
692,0
693,0
694,1
695,0
696,0
697,0
698,0
699,0
700,1
701,0
702,1
703,1
704,0
705,1
706,0
707,1
708,1
709,0
710,1
711,0
712,0
713,1
714,0
715,1
716,1
717,0
718,1
719,0
720,0
721,0
722,0
723,1
724,1
725,0
726,1
727,1
728,1
729,0
730,0
731,0
732,0
733,0
734,1
735,1
736,1
737,1
738,0
739,1
740,1
741,1
742,1
743,1
744,1
745,0
746,0
747,0
748,1
749,0
750,0
751,1
752,1
753,0
754,0
755,0
756,0
757,0
758,1
759,0
760,0
761,1
762,1
763,0
764,1
765,0
766,0
767,1
768,0
769,0
770,1
771,1
772,0
773,1
774,0
775,0
776,1
777,1
778,1
779,0
780,0
781,1
782,0
783,0
784,0
785,1
786,0
787,0
788,0
789,1
790,1
791,1
792,1
793,1
794,0
795,1
796,1
797,1
798,0
799,0
800,0
801,1
802,0
803,0
804,0
805,0
806,0
807,0
808,1
809,0
810,0
811,0
812,0
813,0
814,1
815,1
816,0
817,0
818,1
819,0
820,1
821,1
822,0
823,0
824,1
825,1
826,0
827,0
828,0
829,0
830,1
831,1
832,0
833,0
834,1
835,0
836,0
837,0
838,0
839,0
840,0
841,0
842,1
843,1
844,0
845,0
846,1
847,1
848,1
849,0
850,1
851,1
852,0
853,1
854,0
855,0
856,0
857,0
858,0
859,1
860,1
861,0
862,0
863,1
864,0
865,0
866,0
867,0
868,1
869,0
870,1
871,0
872,1
873,0
874,1
875,0
876,0
877,0
878,0
879,1
880,0
881,0
882,0
883,1
884,1
885,1
886,1
887,1
888,1
889,0
890,1
891,1
892,1
893,1
894,1
895,0
896,1
897,0
898,1
899,0
900,1
901,1
902,0
903,0
904,0
905,1
906,0
907,1
908,0
909,0
910,1
911,1
912,0
913,1
914,1
915,0
916,0
917,0
918,1
919,0
920,0
921,1
922,1
923,0
924,0
925,1
926,0
927,1
928,1
929,0
930,0
931,0
932,1
933,1
934,0
935,1
936,1
937,1
938,0
939,0
940,1
941,1
942,1
943,0
944,1
945,0
946,1
947,1
948,0
949,1
950,0
951,1
952,0
953,0
954,1
955,0
956,0
957,0
958,1
959,1
960,0
961,0
962,0
963,1
964,1
965,0
966,1
967,0
968,1
969,0
970,0
971,0
972,1
973,1
974,0
975,0
976,1
977,0
978,0
979,1
980,0
981,0
982,1
983,0
984,1
985,0
986,0
987,0
988,1
989,0
990,0
991,1
992,0
993,0
994,0
995,0
996,1
997,0
998,1
999,0
1000,1
1001,1
1002,0
1003,1
1004,0
1005,1
1006,0
1007,0
1008,1
1009,1
1010,0
1011,1
1012,0
1013,0
1014,1
1015,0
1016,1
1017,0
1018,1
1019,0
1020,1
1021,0
1022,1
1023,0
1024,0
1025,0
1026,0
1027,1
1028,1
1029,1
1030,0
1031,1
1032,0
1033,0
1034,1
1035,1
1036,1
1037,1
1038,1
1039,1
1040,0
1041,0
1042,0
1043,1
1044,1
1045,1
1046,1
1047,1
1048,1
1049,0
1050,1
1051,0
1052,1
1053,0
1054,1
1055,1
1056,1
1057,1
1058,1
1059,0
1060,1
1061,1
1062,1
1063,0
1064,0
1065,1
1066,0
1067,0
1068,1
1069,0
1070,0
1071,0
1072,1
1073,0
1074,0
1075,0
1076,0
1077,0
1078,1
1079,1
1080,0
1081,0
1082,0
1083,0
1084,0
1085,0
1086,0
1087,0
1088,1
1089,1
1090,0
1091,0
1092,0
1093,1
1094,0
1095,0
1096,1
1097,1
1098,0
1099,0
1100,1
1101,1
1102,0
1103,0
1104,1
1105,0
1106,1
1107,0
1108,0
1109,1
1110,1
1111,0
1112,0
1113,1
1114,1
1115,1
1116,0
1117,0
1118,0
1119,1
1120,0
1121,0
1122,0
1123,1
1124,1
1125,1
1126,1
1127,1
1128,1
1129,0
1130,1
1131,1
1132,0
1133,1
1134,0
1135,0
1136,1
1137,1
1138,1
1139,1
1140,0
1141,0
1142,1
1143,0
1144,1
1145,0
1146,1
1147,0
1148,0
1149,0
1150,0
1151,1
1152,1
1153,1
1154,0
1155,1
1156,1
1157,1
1158,1
1159,0
1160,0
1161,1
1162,1
1163,1
1164,1
1165,0
1166,0
1167,0
1168,1
1169,0
1170,1
1171,0
1172,0
1173,0
1174,0
1175,1
1176,0
1177,1
1178,0
1179,1
1180,1
1181,0
1182,1
1183,1
1184,1
1185,1
1186,0
1187,0
1188,1
1189,1
1190,1
1191,0
1192,1
1193,0
1194,1
1195,0
1196,0
1197,1
1198,1
1199,1
1200,1
1201,0
1202,0
1203,0
1204,0
1205,1
1206,1
1207,0
1208,1
1209,1
1210,0
1211,1
1212,1
1213,0
1214,1
1215,1
1216,1
1217,1
1218,1
1219,1
1220,1
1221,0
1222,1
1223,1
1224,1
1225,0
1226,1
1227,1
1228,0
1229,0
1230,0
1231,1
1232,0
1233,1
1234,0
1235,0
1236,1
1237,0
1238,1
1239,0
1240,0
1241,1
1242,0
1243,0
1244,0
1245,0
1246,1
1247,0
1248,1
1249,1
1250,1
1251,1
1252,1
1253,1
1254,1
1255,0
1256,0
1257,1
1258,0
1259,0
1260,1
1261,1
1262,0
1263,0
1264,1
1265,1
1266,1
1267,1
1268,0
1269,0
1270,0
1271,0
1272,0
1273,0
1274,1
1275,1
1276,0
1277,0
1278,0
1279,0
1280,0
1281,1
1282,1
1283,1
1284,0
1285,0
1286,0
1287,0
1288,1
1289,0
1290,0
1291,0
1292,1
1293,1
1294,0
1295,1
1296,1
1297,1
1298,1
1299,0
1300,0
1301,0
1302,1
1303,1
1304,1
1305,1
1306,1
1307,0
1308,0
1309,1
1310,0
1311,0
1312,0
1313,0
1314,1
1315,1
1316,1
1317,1
1318,1
1319,0
1320,0
1321,1
1322,0
1323,1
1324,0
1325,0
1326,0
1327,1
1328,1
1329,0
1330,0
1331,0
1332,0
1333,1
1334,1
1335,0
1336,1
1337,1
1338,0
1339,1
1340,1
1341,1
1342,1
1343,1
1344,1
1345,1
1346,0
1347,1
1348,0
1349,1
1350,0
1351,0
1352,0
1353,1
1354,1
1355,1
1356,0
1357,1
1358,0
1359,0
1360,0
1361,1
1362,1
1363,1
1364,0
1365,0
1366,1
1367,1
1368,1
1369,0
1370,0
1371,1
1372,0
1373,0
1374,1
1375,1
1376,1
1377,1
1378,1
1379,0
1380,0
1381,1
1382,1
1383,1
1384,1
1385,0
1386,1
1387,1
1388,1
1389,1
1390,0
1391,1
1392,0
1393,0
1394,1
1395,0
1396,0
1397,0
1398,1
1399,1
1400,1
1401,0
1402,0
1403,0
1404,1
1405,0
1406,1
1407,1
1408,1
1409,1
1410,1
1411,1
1412,0
1413,1
1414,1
1415,1
1416,0
1417,1
1418,1
1419,0
1420,0
1421,0
1422,0
1423,1
1424,0
1425,0
1426,1
1427,0
1428,1
1429,1
1430,0
1431,1
1432,1
1433,0
1434,1
1435,0
1436,1
1437,0
1438,0
1439,0
1440,1
1441,1
1442,1
1443,1
1444,0
1445,1
1446,0
1447,1
1448,1
1449,0
1450,1
1451,1
1452,1
1453,1
1454,0
1455,1
1456,1
1457,0
1458,0
1459,0
1460,1
1461,0
1462,0
1463,0
1464,1
1465,0
1466,1
1467,1
1468,0
1469,1
1470,1
1471,0
1472,0
1473,1
1474,0
1475,0
1476,0
1477,1
1478,0
1479,1
1480,1
1481,0
1482,0
1483,1
1484,0
1485,0
1486,1
1487,1
1488,0
1489,1
1490,0
1491,0
1492,0
1493,0
1494,0
1495,1
1496,1
1497,1
1498,0
1499,1
1500,1
1501,0
1502,1
1503,1
1504,1
1505,0
1506,0
1507,1
1508,1
1509,1
1510,1
1511,1
1512,0
1513,1
1514,1
1515,0
1516,1
1517,0
1518,0
1519,1
1520,1
1521,0
1522,0
1523,1
1524,1
1525,1
1526,0
1527,1
1528,0
1529,1
1530,1
1531,1
1532,0
1533,1
1534,1
1535,1
1536,1
1537,1
1538,1
1539,1
1540,0
1541,0
1542,0
1543,0
1544,1
1545,0
1546,1
1547,1
1548,1
1549,0
1550,0
1551,1
1552,0
1553,0
1554,1
1555,0
1556,0
1557,0
1558,0
1559,0
1560,1
1561,1
1562,1
1563,1
1564,1
1565,1
1566,0
1567,1
1568,1
1569,0
1570,0
1571,1
1572,0
1573,1
1574,0
1575,0
1576,1
1577,0
1578,0
1579,0
1580,0
1581,0
1582,1
1583,1
1584,0
1585,0
1586,0
1587,1
1588,0
1589,1
1590,0
1591,1
1592,1
1593,1
1594,1
1595,1
1596,0
1597,1
1598,0
1599,0
1600,1
1601,0
1602,1
1603,1
1604,1
1605,0
1606,1
1607,0
1608,1
1609,0
1610,0
1611,1
1612,0
1613,0
1614,1
1615,0
1616,1
1617,1
1618,0
1619,1
1620,0
1621,1
1622,1
1623,0
1624,0
1625,1
1626,1
1627,0
1628,1
1629,1
1630,0
1631,1
1632,1
1633,1
1634,1
1635,0
1636,0
1637,0
1638,1
1639,0
1640,0
1641,0
1642,1
1643,1
1644,0
1645,1
1646,0
1647,1
1648,0
1649,1
1650,1
1651,0
1652,0
1653,1
1654,1
1655,0
1656,1
1657,1
1658,1
1659,1
1660,0
1661,0
1662,1
1663,0
1664,0
1665,0
1666,0
1667,0
1668,1
1669,0
1670,0
1671,0
1672,0
1673,1
1674,1
1675,1
1676,0
1677,0
1678,0
1679,1
1680,0
1681,0
1682,0
1683,1
1684,0
1685,1
1686,0
1687,1
1688,0
1689,1
1690,1
1691,0
1692,0
1693,1
1694,1
1695,1
1696,0
1697,0
1698,1
1699,1
1700,1
1701,0
1702,1
1703,0
1704,1
1705,1
1706,1
1707,1
1708,1
1709,1
1710,1
1711,0
1712,1
1713,0
1714,0
1715,0
1716,0
1717,1
1718,1
1719,0
1720,0
1721,0
1722,1
1723,1
1724,0
1725,0
1726,1
1727,1
1728,0
1729,0
1730,1
1731,1
1732,0
1733,0
1734,1
1735,1
1736,1
1737,1
1738,0
1739,1
1740,0
1741,0
1742,1
1743,0
1744,0
1745,0
1746,0
1747,0
1748,0
1749,1
1750,0
1751,0
1752,0
1753,0
1754,0
1755,1
1756,0
1757,0
1758,1
1759,0
1760,0
1761,1
1762,0
1763,0
1764,1
1765,0
1766,1
1767,0
1768,1
1769,1
1770,0
1771,0
1772,0
1773,1
1774,0
1775,1
1776,0
1777,1
1778,0
1779,1
1780,1
1781,1
1782,1
1783,0
1784,1
1785,0
1786,1
1787,1
1788,0
1789,1
1790,0
1791,0
1792,1
1793,0
1794,0
1795,1
1796,1
1797,0
1798,1
1799,0
1800,1
1801,1
1802,1
1803,1
1804,1
1805,0
1806,0
1807,1
1808,1
1809,0
1810,0
1811,0
1812,0
1813,0
1814,0
1815,1
1816,0
1817,1
1818,0
1819,1
1820,0
1821,0
1822,1
1823,0
1824,1
1825,1
1826,1
1827,0
1828,1
1829,0
1830,0
1831,0
1832,1
1833,1
1834,1
1835,0
1836,0
1837,0
1838,0
1839,1
1840,0
1841,0
1842,1
1843,1
1844,0
1845,1
1846,1
1847,1
1848,1
1849,0
1850,1
1851,1
1852,1
1853,0
1854,0
1855,1
1856,0
1857,0
1858,0
1859,1
1860,1
1861,0
1862,1
1863,0
1864,1
1865,0
1866,1
1867,0
1868,0
1869,1
1870,1
1871,0
1872,1
1873,1
1874,0
1875,0
1876,0
1877,1
1878,0
1879,0
1880,1
1881,1
1882,0
1883,1
1884,0
1885,1
1886,1
1887,0
1888,1
1889,1
1890,0
1891,0
1892,1
1893,1
1894,0
1895,1
1896,0
1897,1
1898,1
1899,0
1900,1
1901,1
1902,1
1903,0
1904,1
1905,1
1906,0
1907,1
1908,1
1909,0
1910,1
1911,0
1912,1
1913,1
1914,0
1915,0
1916,0
1917,0
1918,1
1919,1
1920,0
1921,0
1922,0
1923,0
1924,0
1925,0
1926,1
1927,1
1928,1
1929,1
1930,1
1931,1
1932,0
1933,0
1934,1
1935,1
1936,0
1937,0
1938,0
1939,1
1940,0
1941,0
1942,1
1943,0
1944,0
1945,0
1946,1
1947,1
1948,0
1949,1
1950,1
1951,1
1952,1
1953,0
1954,0
1955,0
1956,1
1957,1
1958,1
1959,1
1960,0
1961,1
1962,1
1963,1
1964,0
1965,0
1966,0
1967,0
1968,1
1969,1
1970,1
1971,0
1972,0
1973,1
1974,0
1975,0
1976,0
1977,0
1978,1
1979,0
1980,0
1981,1
1982,1
1983,0
1984,1
1985,1
1986,0
1987,0
1988,0
1989,0
1990,1
1991,0
1992,1
1993,1
1994,1
1995,1
1996,0
1997,1
1998,1
1999,0
2000,1
2001,0
2002,0
2003,0
2004,0
2005,0
2006,0
2007,0
2008,1
2009,1
2010,1
2011,1
2012,1
2013,0
2014,1
2015,1
2016,1
2017,0
2018,0
2019,1
2020,0
2021,0
2022,1
2023,0
2024,0
2025,0
2026,0
2027,0
2028,0
2029,1
2030,0
2031,1
2032,1
2033,0
2034,1
2035,1
2036,0
2037,0
2038,1
2039,1
2040,0
2041,0
2042,0
2043,0
2044,0
2045,1
2046,1
2047,0
2048,0
2049,1
2050,0
2051,0
2052,1
2053,0
2054,1
2055,1
2056,0
2057,1
2058,1
2059,0
2060,0
2061,1
2062,1
2063,1
2064,0
2065,1
2066,0
2067,0
2068,0
2069,1
2070,0
2071,0
2072,0
2073,0
2074,0
2075,0
2076,1
2077,1
2078,1
2079,1
2080,1
2081,1
2082,0
2083,1
2084,1
2085,1
2086,1
2087,1
2088,0
2089,0
2090,1
2091,0
2092,0
2093,0
2094,0
2095,0
2096,1
2097,1
2098,1
2099,1
2100,0
2101,1
2102,1
2103,1
2104,0
2105,0
2106,0
2107,1
2108,0
2109,0
2110,0
2111,1
2112,1
2113,1
2114,0
2115,1
2116,0
2117,1
2118,1
2119,1
2120,0
2121,0
2122,1
2123,1
2124,1
2125,0
2126,1
2127,1
2128,1
2129,1
2130,0
2131,0
2132,1
2133,1
2134,1
2135,0
2136,1
2137,1
2138,0
2139,1
2140,1
2141,1
2142,1
2143,0
2144,1
2145,0
2146,0
2147,1
2148,1
2149,1
2150,1
2151,1
2152,0
2153,1
2154,1
2155,1
2156,0
2157,0
2158,1
2159,1
2160,1
2161,1
2162,0
2163,0
2164,0
2165,1
2166,0
2167,0
2168,0
2169,1
2170,0
2171,0
2172,1
2173,0
2174,1
2175,0
2176,0
2177,1
2178,1
2179,1
2180,1
2181,1
2182,0
2183,0
2184,0
2185,1
2186,0
2187,0
2188,1
2189,1
2190,0
2191,0
2192,1
2193,0
2194,0
2195,1
2196,1
2197,1
2198,1
2199,1
2200,1
2201,1
2202,0
2203,0
2204,1
2205,1
2206,1
2207,0
2208,0
2209,1
2210,1
2211,1
2212,0
2213,1
2214,0
2215,1
2216,0
2217,1
2218,0
2219,1
2220,1
2221,1
2222,1
2223,0
2224,0
2225,1
2226,1
2227,1
2228,0
2229,1
2230,1
2231,0
2232,0
2233,0
2234,1
2235,1
2236,1
2237,1
2238,1
2239,0
2240,0
2241,1
2242,0
2243,1
2244,1
2245,0
2246,0
2247,0
2248,1
2249,0
2250,1
2251,1
2252,0
2253,0
2254,0
2255,1
2256,0
2257,0
2258,0
2259,1
2260,1
2261,0
2262,1
2263,0
2264,1
2265,1
2266,0
2267,0
2268,0
2269,0
2270,0
2271,1
2272,0
2273,1
2274,1
2275,0
2276,1
2277,1
2278,0
2279,0
2280,1
2281,0
2282,0
2283,1
2284,1
2285,1
2286,1
2287,0
2288,1
2289,1
2290,0
2291,0
2292,1
2293,0
2294,1
2295,0
2296,0
2297,1
2298,1
2299,1
2300,0
2301,0
2302,0
2303,1
2304,1
2305,0
2306,0
2307,0
2308,0
2309,0
2310,0
2311,1
2312,0
2313,1
2314,0
2315,1
2316,1
2317,1
2318,1
2319,0
2320,1
2321,1
2322,0
2323,1
2324,0
2325,0
2326,0
2327,1
2328,0
2329,0
2330,0
2331,0
2332,1
2333,1
2334,0
2335,0
2336,0
2337,1
2338,0
2339,0
2340,0
2341,0
2342,1
2343,1
2344,0
2345,0
2346,0
2347,1
2348,0
2349,1
2350,0
2351,0
2352,0
2353,0
2354,1
2355,1
2356,0
2357,1
2358,1
2359,0
2360,0
2361,0
2362,0
2363,0
2364,0
2365,0
2366,0
2367,0
2368,1
2369,1
2370,1
2371,1
2372,0
2373,1
2374,1
2375,0
2376,1
2377,1
2378,0
2379,0
2380,1
2381,0
2382,1
2383,0
2384,0
2385,0
2386,0
2387,0
2388,1
2389,1
2390,1
2391,1
2392,1
2393,0
2394,0
2395,0
2396,0
2397,1
2398,1
2399,0
2400,0
2401,0
2402,1
2403,0
2404,0
2405,1
2406,1
2407,0
2408,0
2409,0
2410,1
2411,1
2412,0
2413,0
2414,1
2415,0
2416,1
2417,1
2418,1
2419,1
2420,1
2421,0
2422,1
2423,1
2424,1
2425,1
2426,1
2427,1
2428,1
2429,0
2430,0
2431,0
2432,1
2433,1
2434,0
2435,1
2436,1
2437,1
2438,1
2439,0
2440,0
2441,1
2442,1
2443,1
2444,1
2445,1
2446,1
2447,0
2448,0
2449,1
2450,0
2451,0
2452,1
2453,0
2454,0
2455,1
2456,0
2457,1
2458,1
2459,0
2460,1
2461,0
2462,0
2463,0
2464,1
2465,0
2466,0
2467,0
2468,0
2469,1
2470,0
2471,1
2472,1
2473,0
2474,1
2475,1
2476,0
2477,0
2478,0
2479,0
2480,0
2481,0
2482,1
2483,1
2484,1
2485,1
2486,1
2487,1
2488,0
2489,0
2490,0
2491,1
2492,0
2493,0
2494,0
2495,1
2496,1
2497,1
2498,1
2499,0
2500,0
2501,0
2502,1
2503,0
2504,0
2505,1
2506,1
2507,1
2508,0
2509,0
2510,1
2511,0
2512,0
2513,1
2514,0
2515,0
2516,1
2517,0
2518,0
2519,1
2520,1
2521,0
2522,0
2523,1
2524,0
2525,0
2526,1
2527,0
2528,1
2529,0
2530,1
2531,1
2532,1
2533,1
2534,0
2535,0
2536,0
2537,0
2538,0
2539,0
2540,0
2541,1
2542,1
2543,1
2544,1
2545,1
2546,1
2547,1
2548,1
2549,0
2550,0
2551,0
2552,1
2553,0
2554,0
2555,0
2556,1
2557,1
2558,1
2559,1
2560,1
2561,0
2562,1
2563,0
2564,0
2565,0
2566,0
2567,0
2568,0
2569,1
2570,1
2571,1
2572,0
2573,1
2574,1
2575,1
2576,1
2577,1
2578,0
2579,0
2580,1
2581,1
2582,0
2583,1
2584,0
2585,1
2586,1
2587,1
2588,0
2589,1
2590,0
2591,0
2592,1
2593,0
2594,0
2595,1
2596,0
2597,0
2598,0
2599,0
2600,1
2601,1
2602,1
2603,0
2604,1
2605,0
2606,1
2607,1
2608,1
2609,1
2610,1
2611,1
2612,0
2613,0
2614,0
2615,0
2616,0
2617,1
2618,0
2619,1
2620,1
2621,1
2622,0
2623,0
2624,1
2625,1
2626,1
2627,0
2628,1
2629,1
2630,1
2631,1
2632,0
2633,1
2634,1
2635,1
2636,1
2637,1
2638,0
2639,0
2640,1
2641,0
2642,0
2643,0
2644,1
2645,0
2646,0
2647,1
2648,0
2649,1
2650,1
2651,0
2652,0
2653,0
2654,1
2655,0
2656,0
2657,1
2658,1
2659,1
2660,0
2661,1
2662,0
2663,0
2664,0
2665,0
2666,0
2667,1
2668,0
2669,1
2670,1
2671,1
2672,0
2673,0
2674,0
2675,0
2676,0
2677,1
2678,0
2679,0
2680,0
2681,0
2682,0
2683,0
2684,1
2685,1
2686,0
2687,1
2688,1
2689,0
2690,1
2691,0
2692,0
2693,0
2694,0
2695,0
2696,0
2697,1
2698,0
2699,0
2700,1
2701,0
2702,1
2703,0
2704,0
2705,0
2706,0
2707,1
2708,1
2709,0
2710,1
2711,1
2712,1
2713,0
2714,0
2715,1
2716,1
2717,1
2718,0
2719,1
2720,1
2721,0
2722,0
2723,0
2724,0
2725,0
2726,0
2727,1
2728,0
2729,1
2730,1
2731,0
2732,1
2733,0
2734,0
2735,1
2736,1
2737,0
2738,1
2739,1
2740,0
2741,0
2742,0
2743,0
2744,0
2745,1
2746,1
2747,0
2748,0
2749,1
2750,1
2751,1
2752,0
2753,0
2754,0
2755,0
2756,1
2757,0
2758,0
2759,1
2760,1
2761,1
2762,0
2763,1
2764,1
2765,1
2766,0
2767,0
2768,1
2769,0
2770,1
2771,1
2772,1
2773,0
2774,1
2775,1
2776,1
2777,0
2778,0
2779,0
2780,0
2781,1
2782,0
2783,1
2784,1
2785,0
2786,1
2787,0
2788,0
2789,1
2790,0
2791,0
2792,1
2793,1
2794,0
2795,0
2796,0
2797,1
2798,1
2799,1
2800,1
2801,1
2802,1
2803,1
2804,0
2805,0
2806,0
2807,1
2808,0
2809,0
2810,0
2811,0
2812,1
2813,1
2814,0
2815,1
2816,1
2817,1
2818,1
2819,0
2820,1
2821,0
2822,1
2823,0
2824,1
2825,1
2826,1
2827,1
2828,1
2829,0
2830,0
2831,0
2832,1
2833,1
2834,1
2835,0
2836,1
2837,1
2838,1
2839,0
2840,1
2841,1
2842,0
2843,1
2844,0
2845,1
2846,0
2847,1
2848,1
2849,0
2850,1
2851,0
2852,0
2853,1
2854,1
2855,1
2856,1
2857,1
2858,0
2859,0
2860,1
2861,0
2862,1
2863,1
2864,1
2865,0
2866,0
2867,0
2868,1
2869,1
2870,0
2871,0
2872,1
2873,1
2874,1
2875,1
2876,0
2877,0
2878,1
2879,0
2880,0
2881,0
2882,0
2883,0
2884,0
2885,0
2886,1
2887,1
2888,1
2889,0
2890,1
2891,1
2892,1
2893,1
2894,0
2895,0
2896,1
2897,0
2898,1
2899,0
2900,1
2901,0
2902,1
2903,1
2904,1
2905,1
2906,0
2907,0
2908,1
2909,1
2910,1
2911,0
2912,0
2913,1
2914,1
2915,0
2916,0
2917,1
2918,1
2919,0
2920,1
2921,1
2922,0
2923,1
2924,0
2925,1
2926,0
2927,1
2928,0
2929,1
2930,0
2931,1
2932,1
2933,1
2934,0
2935,0
2936,1
2937,0
2938,0
2939,0
2940,0
2941,1
2942,1
2943,1
2944,1
2945,0
2946,1
2947,0
2948,0
2949,1
2950,1
2951,1
2952,0
2953,0
2954,0
2955,0
2956,1
2957,0
2958,1
2959,1
2960,0
2961,0
2962,1
2963,1
2964,1
2965,1
2966,0
2967,1
2968,0
2969,0
2970,1
2971,0
2972,0
2973,0
2974,0
2975,0
2976,1
2977,0
2978,0
2979,0
2980,1
2981,1
2982,1
2983,0
2984,1
2985,1
2986,0
2987,0
2988,1
2989,0
2990,0
2991,0
2992,1
2993,1
2994,1
2995,0
2996,0
2997,1
2998,1
2999,0
3000,1
3001,1
3002,1
3003,0
3004,1
3005,1
3006,0
3007,1
3008,1
3009,0
3010,0
3011,0
3012,1
3013,0
3014,0
3015,0
3016,1
3017,0
3018,0
3019,0
3020,1
3021,0
3022,1
3023,0
3024,0
3025,0
3026,0
3027,0
3028,0
3029,1
3030,0
3031,1
3032,1
3033,0
3034,1
3035,1
3036,1
3037,1
3038,0
3039,0
3040,0
3041,0
3042,1
3043,0
3044,0
3045,0
3046,0
3047,1
3048,1
3049,0
3050,0
3051,0
3052,0
3053,0
3054,0
3055,1
3056,0
3057,1
3058,0
3059,1
3060,0
3061,1
3062,1
3063,1
3064,0
3065,1
3066,1
3067,1
3068,0
3069,1
3070,1
3071,0
3072,1
3073,0
3074,0
3075,0
3076,0
3077,0
3078,0
3079,1
3080,1
3081,1
3082,0
3083,0
3084,0
3085,0
3086,0
3087,0
3088,1
3089,1
3090,0
3091,0
3092,0
3093,0
3094,0
3095,0
3096,1
3097,0
3098,1
3099,1
3100,0
3101,0
3102,1
3103,1
3104,1
3105,1
3106,0
3107,1
3108,1
3109,0
3110,1
3111,1
3112,1
3113,0
3114,1
3115,0
3116,0
3117,0
3118,1
3119,1
3120,1
3121,1
3122,0
3123,0
3124,1
3125,0
3126,0
3127,1
3128,1
3129,1
3130,0
3131,1
3132,1
3133,1
3134,0
3135,0
3136,0
3137,1
3138,1
3139,1
3140,1
3141,0
3142,0
3143,0
3144,1
3145,1
3146,0
3147,0
3148,1
3149,0
3150,1
3151,1
3152,1
3153,0
3154,0
3155,1
3156,0
3157,0
3158,0
3159,0
3160,0
3161,1
3162,1
3163,1
3164,0
3165,1
3166,1
3167,1
3168,1
3169,1
3170,1
3171,1
3172,1
3173,1
3174,0
3175,0
3176,0
3177,1
3178,0
3179,0
3180,1
3181,0
3182,0
3183,1
3184,0
3185,0
3186,1
3187,1
3188,1
3189,1
3190,0
3191,1
3192,1
3193,0
3194,0
3195,1
3196,1
3197,1
3198,1
3199,0
3200,0
3201,0
3202,0
3203,0
3204,1
3205,1
3206,1
3207,1
3208,1
3209,1
3210,1
3211,0
3212,1
3213,0
3214,1
3215,1
3216,1
3217,1
3218,0
3219,0
3220,0
3221,0
3222,0
3223,0
3224,0
3225,1
3226,1
3227,0
3228,1
3229,0
3230,1
3231,0
3232,1
3233,0
3234,0
3235,1
3236,1
3237,1
3238,0
3239,1
3240,1
3241,0
3242,1
3243,1
3244,1
3245,1
3246,0
3247,1
3248,1
3249,0
3250,1
3251,1
3252,1
3253,1
3254,1
3255,1
3256,1
3257,0
3258,1
3259,1
3260,0
3261,1
3262,1
3263,1
3264,0
3265,0
3266,0
3267,1
3268,0
3269,1
3270,1
3271,1
3272,0
3273,0
3274,1
3275,1
3276,1
3277,0
3278,0
3279,0
3280,1
3281,1
3282,0
3283,1
3284,1
3285,1
3286,0
3287,1
3288,0
3289,0
3290,1
3291,0
3292,0
3293,0
3294,0
3295,1
3296,1
3297,1
3298,0
3299,1
3300,1
3301,1
3302,0
3303,0
3304,0
3305,0
3306,0
3307,1
3308,0
3309,0
3310,0
3311,1
3312,1
3313,1
3314,0
3315,1
3316,1
3317,1
3318,0
3319,0
3320,0
3321,1
3322,0
3323,1
3324,0
3325,1
3326,1
3327,0
3328,1
3329,1
3330,0
3331,0
3332,1
3333,1
3334,0
3335,0
3336,1
3337,1
3338,0
3339,1
3340,0
3341,0
3342,0
3343,1
3344,0
3345,0
3346,0
3347,1
3348,0
3349,1
3350,0
3351,0
3352,1
3353,0
3354,1
3355,0
3356,0
3357,0
3358,1
3359,0
3360,0
3361,1
3362,1
3363,0
3364,0
3365,1
3366,1
3367,1
3368,1
3369,1
3370,0
3371,0
3372,1
3373,1
3374,0
3375,0
3376,0
3377,0
3378,1
3379,0
3380,1
3381,1
3382,1
3383,0
3384,1
3385,1
3386,0
3387,0
3388,0
3389,0
3390,1
3391,0
3392,1
3393,0
3394,1
3395,0
3396,0
3397,1
3398,1
3399,0
3400,0
3401,0
3402,0
3403,0
3404,1
3405,0
3406,0
3407,1
3408,1
3409,0
3410,1
3411,1
3412,1
3413,0
3414,1
3415,1
3416,0
3417,1
3418,0
3419,0
3420,0
3421,1
3422,1
3423,0
3424,1
3425,0
3426,1
3427,1
3428,1
3429,0
3430,1
3431,1
3432,1
3433,1
3434,0
3435,1
3436,1
3437,1
3438,0
3439,0
3440,1
3441,1
3442,1
3443,1
3444,1
3445,1
3446,1
3447,1
3448,1
3449,1
3450,1
3451,0
3452,1
3453,1
3454,1
3455,1
3456,1
3457,0
3458,0
3459,1
3460,1
3461,0
3462,1
3463,1
3464,1
3465,0
3466,0
3467,1
3468,1
3469,0
3470,0
3471,1
3472,0
3473,1
3474,1
3475,0
3476,0
3477,0
3478,1
3479,1
3480,0
3481,0
3482,0
3483,0
3484,1
3485,0
3486,1
3487,1
3488,0
3489,0
3490,0
3491,1
3492,0
3493,1
3494,1
3495,0
3496,1
3497,1
3498,0
3499,1
3500,1
3501,1
3502,1
3503,0
3504,1
3505,0
3506,0
3507,0
3508,1
3509,1
3510,0
3511,1
3512,1
3513,0
3514,1
3515,0
3516,0
3517,0
3518,1
3519,1
3520,1
3521,0
3522,0
3523,0
3524,1
3525,0
3526,0
3527,0
3528,0
3529,0
3530,0
3531,0
3532,0
3533,1
3534,0
3535,1
3536,0
3537,1
3538,0
3539,1
3540,1
3541,1
3542,1
3543,1
3544,1
3545,1
3546,0
3547,1
3548,0
3549,0
3550,1
3551,1
3552,1
3553,1
3554,1
3555,0
3556,1
3557,0
3558,0
3559,0
3560,1
3561,0
3562,0
3563,0
3564,0
3565,0
3566,1
3567,1
3568,0
3569,0
3570,1
3571,0
3572,0
3573,0
3574,1
3575,1
3576,0
3577,0
3578,1
3579,0
3580,1
3581,1
3582,0
3583,0
3584,1
3585,0
3586,0
3587,0
3588,1
3589,0
3590,1
3591,1
3592,1
3593,1
3594,0
3595,1
3596,0
3597,1
3598,1
3599,0
3600,1
3601,1
3602,0
3603,1
3604,0
3605,1
3606,1
3607,1
3608,0
3609,0
3610,0
3611,1
3612,0
3613,1
3614,0
3615,0
3616,1
3617,1
3618,0
3619,0
3620,1
3621,1
3622,1
3623,1
3624,0
3625,1
3626,1
3627,1
3628,0
3629,0
3630,0
3631,1
3632,0
3633,1
3634,0
3635,0
3636,1
3637,0
3638,0
3639,1
3640,1
3641,1
3642,1
3643,1
3644,0
3645,0
3646,1
3647,0
3648,0
3649,0
3650,1
3651,0
3652,1
3653,0
3654,0
3655,0
3656,1
3657,1
3658,0
3659,1
3660,1
3661,1
3662,0
3663,0
3664,1
3665,1
3666,1
3667,1
3668,0
3669,0
3670,1
3671,1
3672,1
3673,1
3674,1
3675,1
3676,1
3677,0
3678,1
3679,0
3680,1
3681,0
3682,0
3683,1
3684,0
3685,1
3686,1
3687,0
3688,1
3689,0
3690,0
3691,1
3692,0
3693,1
3694,1
3695,0
3696,1
3697,1
3698,1
3699,0
3700,1
3701,0
3702,1
3703,1
3704,1
3705,0
3706,1
3707,0
3708,0
3709,1
3710,1
3711,0
3712,0
3713,1
3714,0
3715,1
3716,0
3717,0
3718,0
3719,1
3720,0
3721,1
3722,1
3723,0
3724,1
3725,1
3726,1
3727,1
3728,1
3729,1
3730,1
3731,0
3732,0
3733,0
3734,0
3735,0
3736,1
3737,0
3738,1
3739,1
3740,0
3741,1
3742,1
3743,1
3744,1
3745,0
3746,0
3747,0
3748,0
3749,0
3750,0
3751,1
3752,0
3753,1
3754,0
3755,1
3756,0
3757,0
3758,0
3759,0
3760,0
3761,0
3762,0
3763,1
3764,0
3765,1
3766,0
3767,1
3768,0
3769,1
3770,1
3771,1
3772,1
3773,0
3774,1
3775,1
3776,1
3777,0
3778,0
3779,0
3780,0
3781,0
3782,0
3783,1
3784,0
3785,1
3786,1
3787,0
3788,1
3789,0
3790,1
3791,1
3792,1
3793,0
3794,1
3795,1
3796,1
3797,1
3798,1
3799,1
3800,0
3801,0
3802,1
3803,1
3804,1
3805,0
3806,1
3807,1
3808,0
3809,0
3810,1
3811,1
3812,0
3813,0
3814,1
3815,0
3816,0
3817,0
3818,1
3819,0
3820,1
3821,0
3822,1
3823,1
3824,1
3825,1
3826,0
3827,0
3828,1
3829,1
3830,0
3831,1
3832,0
3833,0
3834,1
3835,1
3836,1
3837,1
3838,1
3839,0
3840,1
3841,0
3842,0
3843,0
3844,1
3845,1
3846,0
3847,0
3848,1
3849,0
3850,1
3851,0
3852,0
3853,1
3854,1
3855,1
3856,0
3857,1
3858,1
3859,1
3860,1
3861,0
3862,0
3863,0
3864,0
3865,0
3866,1
3867,0
3868,0
3869,0
3870,0
3871,0
3872,1
3873,1
3874,1
3875,1
3876,1
3877,0
3878,0
3879,1
3880,1
3881,1
3882,1
3883,1
3884,0
3885,1
3886,1
3887,1
3888,1
3889,0
3890,0
3891,1
3892,1
3893,1
3894,0
3895,0
3896,1
3897,0
3898,0
3899,0
3900,1
3901,0
3902,0
3903,1
3904,0
3905,1
3906,0
3907,1
3908,1
3909,0
3910,0
3911,1
3912,1
3913,1
3914,0
3915,1
3916,0
3917,0
3918,0
3919,0
3920,1
3921,1
3922,1
3923,0
3924,0
3925,0
3926,0
3927,1
3928,1
3929,0
3930,1
3931,0
3932,1
3933,0
3934,1
3935,0
3936,0
3937,1
3938,0
3939,1
3940,0
3941,1
3942,1
3943,1
3944,0
3945,0
3946,0
3947,1
3948,1
3949,1
3950,0
3951,0
3952,1
3953,1
3954,1
3955,1
3956,1
3957,0
3958,0
3959,1
3960,0
3961,0
3962,0
3963,0
3964,1
3965,0
3966,0
3967,1
3968,1
3969,1
3970,0
3971,0
3972,0
3973,1
3974,1
3975,0
3976,0
3977,1
3978,0
3979,1
3980,0
3981,0
3982,0
3983,1
3984,0
3985,1
3986,0
3987,0
3988,0
3989,1
3990,1
3991,1
3992,0
3993,0
3994,0
3995,0
3996,1
3997,1
3998,0
3999,0
4000,0
4001,1
4002,1
4003,1
4004,0
4005,1
4006,1
4007,0
4008,1
4009,0
4010,0
4011,0
4012,0
4013,1
4014,1
4015,1
4016,1
4017,1
4018,1
4019,1
4020,1
4021,0
4022,1
4023,1
4024,1
4025,0
4026,0
4027,0
4028,1
4029,0
4030,1
4031,0
4032,1
4033,0
4034,1
4035,0
4036,0
4037,1
4038,1
4039,0
4040,0
4041,0
4042,1
4043,1
4044,1
4045,1
4046,1
4047,1
4048,0
4049,1
4050,0
4051,0
4052,0
4053,0
4054,1
4055,1
4056,0
4057,0
4058,0
4059,1
4060,1
4061,1
4062,1
4063,1
4064,0
4065,0
4066,0
4067,0
4068,1
4069,1
4070,1
4071,1
4072,0
4073,1
4074,1
4075,1
4076,0
4077,1
4078,0
4079,1
4080,1
4081,1
4082,0
4083,0
4084,0
4085,1
4086,1
4087,0
4088,0
4089,1
4090,0
4091,1
4092,1
4093,0
4094,1
4095,1
4096,1
4097,1
4098,0
4099,0
4100,1
4101,0
4102,1
4103,0
4104,1
4105,1
4106,1
4107,1
4108,1
4109,1
4110,0
4111,0
4112,0
4113,1
4114,1
4115,1
4116,0
4117,0
4118,0
4119,0
4120,1
4121,0
4122,0
4123,0
4124,0
4125,1
4126,0
4127,0
4128,0
4129,1
4130,0
4131,0
4132,1
4133,0
4134,0
4135,0
4136,0
4137,0
4138,0
4139,0
4140,1
4141,1
4142,1
4143,0
4144,0
4145,0
4146,0
4147,0
4148,1
4149,1
4150,0
4151,0
4152,1
4153,1
4154,0
4155,0
4156,0
4157,0
4158,1
4159,0
4160,1
4161,0
4162,0
4163,0
4164,0
4165,0
4166,0
4167,1
4168,0
4169,0
4170,0
4171,1
4172,0
4173,1
4174,1
4175,1
4176,0
4177,1
4178,1
4179,0
4180,0
4181,1
4182,0
4183,0
4184,0
4185,0
4186,0
4187,0
4188,1
4189,1
4190,1
4191,0
4192,0
4193,1
4194,1
4195,0
4196,1
4197,0
4198,0
4199,0
4200,1
4201,0
4202,1
4203,1
4204,1
4205,0
4206,1
4207,0
4208,1
4209,0
4210,0
4211,1
4212,1
4213,0
4214,1
4215,1
4216,0
4217,0
4218,0
4219,0
4220,0
4221,1
4222,1
4223,1
4224,0
4225,1
4226,1
4227,0
4228,1
4229,0
4230,0
4231,1
4232,0
4233,0
4234,1
4235,1
4236,0
4237,1
4238,1
4239,1
4240,1
4241,0
4242,0
4243,1
4244,0
4245,0
4246,0
4247,0
4248,1
4249,1
4250,0
4251,1
4252,1
4253,0
4254,0
4255,0
4256,0
4257,1
4258,1
4259,1
4260,1
4261,0
4262,1
4263,1
4264,0
4265,1
4266,1
4267,0
4268,1
4269,1
4270,0
4271,1
4272,0
4273,1
4274,0
4275,1
4276,0
4277,0
4278,1
4279,0
4280,1
4281,1
4282,1
4283,0
4284,1
4285,1
4286,1
4287,0
4288,0
4289,1
4290,1
4291,1
4292,0
4293,0
4294,0
4295,0
4296,0
4297,1
4298,0
4299,0
4300,1
4301,1
4302,1
4303,0
4304,0
4305,1
4306,0
4307,0
4308,1
4309,1
4310,0
4311,0
4312,0
4313,0
4314,1
4315,0
4316,1
4317,1
4318,1
4319,0
4320,0
4321,1
4322,1
4323,1
4324,0
4325,0
4326,0
4327,0
4328,1
4329,0
4330,0
4331,1
4332,0
4333,0
4334,1
4335,0
4336,0
4337,1
4338,0
4339,0
4340,1
4341,0
4342,0
4343,1
4344,0
4345,0
4346,0
4347,0
4348,0
4349,0
4350,1
4351,0
4352,1
4353,1
4354,1
4355,0
4356,0
4357,1
4358,1
4359,1
4360,1
4361,0
4362,1
4363,0
4364,1
4365,0
4366,1
4367,0
4368,0
4369,1
4370,0
4371,0
4372,1
4373,1
4374,1
4375,1
4376,0
4377,1
4378,1
4379,1
4380,0
4381,0
4382,0
4383,0
4384,0
4385,0
4386,1
4387,0
4388,0
4389,1
4390,1
4391,1
4392,1
4393,1
4394,1
4395,1
4396,1
4397,1
4398,0
4399,1
4400,0
4401,1
4402,0
4403,0
4404,1
4405,0
4406,0
4407,1
4408,0
4409,1
4410,1
4411,0
4412,1
4413,0
4414,1
4415,0
4416,0
4417,0
4418,1
4419,1
4420,1
4421,1
4422,1
4423,1
4424,0
4425,0
4426,1
4427,1
4428,1
4429,1
4430,1
4431,0
4432,1
4433,1
4434,1
4435,1
4436,0
4437,1
4438,1
4439,0
4440,0
4441,0
4442,0
4443,1
4444,1
4445,1
4446,0
4447,0
4448,0
4449,1
4450,1
4451,1
4452,1
4453,1
4454,1
4455,1
4456,0
4457,0
4458,1
4459,0
4460,0
4461,0
4462,1
4463,1
4464,1
4465,0
4466,0
4467,0
4468,0
4469,1
4470,0
4471,0
4472,0
4473,1
4474,1
4475,0
4476,0
4477,1
4478,0
4479,1
4480,0
4481,0
4482,0
4483,1
4484,1
4485,0
4486,1
4487,0
4488,0
4489,0
4490,0
4491,1
4492,1
4493,1
4494,0
4495,1
4496,1
4497,0
4498,1
4499,0
4500,0
4501,0
4502,0
4503,1
4504,0
4505,1
4506,1
4507,0
4508,1
4509,0
4510,0
4511,0
4512,0
4513,0
4514,1
4515,0
4516,1
4517,0
4518,0
4519,0
4520,0
4521,1
4522,0
4523,0
4524,0
4525,0
4526,1
4527,0
4528,0
4529,0
4530,0
4531,1
4532,0
4533,1
4534,1
4535,0
4536,0
4537,0
4538,0
4539,0
4540,1
4541,0
4542,0
4543,0
4544,1
4545,1
4546,0
4547,1
4548,0
4549,1
4550,0
4551,1
4552,0
4553,1
4554,1
4555,1
4556,0
4557,0
4558,0
4559,1
4560,0
4561,1
4562,0
4563,1
4564,1
4565,0
4566,0
4567,0
4568,0
4569,0
4570,1
4571,1
4572,0
4573,1
4574,1
4575,1
4576,1
4577,1
4578,0
4579,0
4580,1
4581,1
4582,0
4583,1
4584,1
4585,1
4586,1
4587,0
4588,0
4589,0
4590,1
4591,1
4592,0
4593,1
4594,1
4595,0
4596,0
4597,1
4598,0
4599,0
4600,0
4601,1
4602,1
4603,1
4604,0
4605,0
4606,1
4607,1
4608,1
4609,0
4610,0
4611,1
4612,0
4613,0
4614,0
4615,0
4616,1
4617,1
4618,0
4619,1
4620,1
4621,1
4622,0
4623,1
4624,1
4625,0
4626,1
4627,1
4628,0
4629,1
4630,1
4631,0
4632,0
4633,0
4634,0
4635,1
4636,0
4637,1
4638,1
4639,0
4640,1
4641,1
4642,1
4643,1
4644,0
4645,0
4646,0
4647,0
4648,1
4649,1
4650,0
4651,1
4652,0
4653,0
4654,0
4655,0
4656,0
4657,0
4658,0
4659,0
4660,0
4661,1
4662,1
4663,1
4664,0
4665,1
4666,1
4667,0
4668,0
4669,0
4670,1
4671,0
4672,0
4673,1
4674,1
4675,1
4676,0
4677,0
4678,1
4679,0
4680,1
4681,1
4682,1
4683,0
4684,0
4685,0
4686,0
4687,1
4688,1
4689,1
4690,0
4691,1
4692,0
4693,1
4694,0
4695,0
4696,0
4697,1
4698,1
4699,1
4700,0
4701,1
4702,0
4703,1
4704,0
4705,1
4706,1
4707,0
4708,1
4709,0
4710,1
4711,0
4712,1
4713,0
4714,1
4715,1
4716,1
4717,0
4718,0
4719,1
4720,1
4721,1
4722,1
4723,1
4724,1
4725,0
4726,1
4727,0
4728,1
4729,1
4730,1
4731,0
4732,0
4733,0
4734,1
4735,0
4736,1
4737,1
4738,0
4739,0
4740,0
4741,1
4742,0
4743,1
4744,0
4745,1
4746,0
4747,1
4748,0
4749,1
4750,1
4751,1
4752,1
4753,0
4754,0
4755,1
4756,1
4757,0
4758,1
4759,1
4760,0
4761,0
4762,1
4763,1
4764,1
4765,0
4766,0
4767,1
4768,1
4769,0
4770,1
4771,0
4772,1
4773,0
4774,0
4775,1
4776,1
4777,0
4778,0
4779,1
4780,0
4781,0
4782,1
4783,0
4784,0
4785,0
4786,1
4787,0
4788,0
4789,1
4790,1
4791,0
4792,1
4793,0
4794,0
4795,0
4796,1
4797,1
4798,1
4799,0
4800,1
4801,1
4802,1
4803,0
4804,0
4805,0
4806,0
4807,1
4808,0
4809,1
4810,1
4811,0
4812,1
4813,1
4814,1
4815,1
4816,0
4817,0
4818,1
4819,1
4820,1
4821,0
4822,0
4823,1
4824,1
4825,0
4826,1
4827,0
4828,1
4829,1
4830,0
4831,0
4832,0
4833,0
4834,0
4835,1
4836,1
4837,0
4838,0
4839,0
4840,0
4841,1
4842,1
4843,1
4844,1
4845,0
4846,0
4847,0
4848,0
4849,0
4850,1
4851,0
4852,0
4853,1
4854,0
4855,0
4856,0
4857,1
4858,1
4859,1
4860,0
4861,1
4862,0
4863,0
4864,1
4865,0
4866,1
4867,0
4868,1
4869,0
4870,1
4871,1
4872,0
4873,0
4874,0
4875,1
4876,1
4877,1
4878,1
4879,0
4880,0
4881,0
4882,1
4883,0
4884,0
4885,0
4886,1
4887,0
4888,0
4889,0
4890,1
4891,1
4892,1
4893,0
4894,0
4895,1
4896,1
4897,1
4898,0
4899,0
4900,0
4901,1
4902,1
4903,0
4904,0
4905,1
4906,0
4907,0
4908,0
4909,1
4910,0
4911,1
4912,0
4913,0
4914,1
4915,0
4916,0
4917,0
4918,0
4919,0
4920,1
4921,0
4922,0
4923,1
4924,1
4925,0
4926,1
4927,1
4928,0
4929,1
4930,1
4931,0
4932,0
4933,0
4934,1
4935,1
4936,0
4937,1
4938,0
4939,1
4940,0
4941,0
4942,1
4943,1
4944,1
4945,0
4946,1
4947,1
4948,0
4949,1
4950,1
4951,0
4952,1
4953,1
4954,0
4955,1
4956,1
4957,1
4958,0
4959,1
4960,1
4961,1
4962,1
4963,1
4964,1
4965,0
4966,1
4967,0
4968,0
4969,1
4970,1
4971,0
4972,1
4973,1
4974,1
4975,1
4976,1
4977,1
4978,0
4979,0
4980,0
4981,0
4982,0
4983,1
4984,1
4985,1
4986,0
4987,1
4988,1
4989,1
4990,1
4991,0
4992,0
4993,0
4994,0
4995,0
4996,0
4997,0
4998,1
4999,1
5000,1
5001,1
5002,1
5003,1
5004,1
5005,0
5006,1
5007,0
5008,0
5009,0
5010,1
5011,1
5012,0
5013,0
5014,0
5015,0
5016,1
5017,1
5018,0
5019,0
5020,1
5021,1
5022,1
5023,1
5024,1
5025,0
5026,1
5027,1
5028,1
5029,1
5030,1
5031,1
5032,0
5033,1
5034,1
5035,1
5036,0
5037,1
5038,1
5039,0
5040,0
5041,1
5042,1
5043,0
5044,0
5045,1
5046,1
5047,1
5048,0
5049,1
5050,0
5051,1
5052,1
5053,0
5054,0
5055,1
5056,0
5057,0
5058,0
5059,0
5060,1
5061,1
5062,0
5063,0
5064,0
5065,0
5066,1
5067,1
5068,0
5069,0
5070,0
5071,0
5072,0
5073,0
5074,1
5075,0
5076,0
5077,1
5078,0
5079,1
5080,1
5081,0
5082,0
5083,1
5084,1
5085,0
5086,1
5087,1
5088,0
5089,0
5090,0
5091,0
5092,1
5093,1
5094,1
5095,0
5096,0
5097,0
5098,1
5099,0
5100,0
5101,0
5102,0
5103,1
5104,0
5105,1
5106,0
5107,1
5108,0
5109,0
5110,1
5111,1
5112,1
5113,1
5114,0
5115,1
5116,1
5117,0
5118,0
5119,0
5120,0
5121,0
5122,1
5123,0
5124,0
5125,1
5126,1
5127,1
5128,1
5129,1
5130,1
5131,0
5132,0
5133,1
5134,1
5135,0
5136,1
5137,1
5138,1
5139,0
5140,0
5141,0
5142,1
5143,0
5144,1
5145,0
5146,1
5147,1
5148,0
5149,1
5150,0
5151,1
5152,1
5153,0
5154,0
5155,1
5156,0
5157,0
5158,1
5159,0
5160,0
5161,0
5162,1
5163,0
5164,0
5165,0
5166,1
5167,1
5168,0
5169,1
5170,0
5171,1
5172,0
5173,1
5174,1
5175,1
5176,1
5177,0
5178,1
5179,0
5180,0
5181,0
5182,1
5183,1
5184,1
5185,0
5186,1
5187,1
5188,0
5189,1
5190,1
5191,0
5192,0
5193,1
5194,0
5195,0
5196,0
5197,0
5198,0
5199,1
5200,0
5201,1
5202,0
5203,1
5204,1
5205,1
5206,1
5207,1
5208,1
5209,1
5210,1
5211,0
5212,0
5213,0
5214,1
5215,1
5216,1
5217,0
5218,0
5219,1
5220,0
5221,1
5222,0
5223,0
5224,1
5225,1
5226,1
5227,0
5228,1
5229,0
5230,1
5231,0
5232,0
5233,1
5234,1
5235,0
5236,1
5237,0
5238,1
5239,1
5240,0
5241,1
5242,0
5243,0
5244,1
5245,1
5246,1
5247,1
5248,1
5249,0
5250,0
5251,0
5252,1
5253,0
5254,0
5255,0
5256,0
5257,1
5258,1
5259,1
5260,0
5261,1
5262,0
5263,1
5264,0
5265,1
5266,0
5267,0
5268,1
5269,1
5270,1
5271,1
5272,1
5273,0
5274,0
5275,0
5276,1
5277,0
5278,0
5279,0
5280,0
5281,1
5282,1
5283,0
5284,0
5285,1
5286,0
5287,0
5288,0
5289,1
5290,1
5291,1
5292,1
5293,1
5294,1
5295,1
5296,1
5297,0
5298,1
5299,1
5300,0
5301,1
5302,0
5303,0
5304,1
5305,1
5306,0
5307,0
5308,0
5309,0
5310,0
5311,1
5312,1
5313,0
5314,1
5315,1
5316,1
5317,0
5318,0
5319,0
5320,1
5321,0
5322,1
5323,1
5324,0
5325,0
5326,0
5327,0
5328,1
5329,1
5330,1
5331,1
5332,1
5333,0
5334,1
5335,0
5336,1
5337,0
5338,1
5339,0
5340,1
5341,0
5342,0
5343,0
5344,1
5345,1
5346,1
5347,1
5348,1
5349,0
5350,0
5351,0
5352,0
5353,1
5354,1
5355,0
5356,1
5357,0
5358,0
5359,1
5360,0
5361,1
5362,1
5363,1
5364,1
5365,1
5366,1
5367,1
5368,1
5369,0
5370,0
5371,1
5372,0
5373,1
5374,0
5375,0
5376,0
5377,1
5378,1
5379,1
5380,1
5381,1
5382,0
5383,1
5384,0
5385,0
5386,0
5387,0
5388,0
5389,0
5390,0
5391,1
5392,1
5393,1
5394,1
5395,1
5396,1
5397,1
5398,0
5399,1
5400,1
5401,1
5402,1
5403,0
5404,1
5405,1
5406,1
5407,1
5408,0
5409,1
5410,1
5411,0
5412,0
5413,0
5414,0
5415,0
5416,0
5417,0
5418,1
5419,0
5420,0
5421,0
5422,0
5423,0
5424,1
5425,1
5426,1
5427,0
5428,1
5429,1
5430,0
5431,0
5432,0
5433,0
5434,0
5435,0
5436,1
5437,0
5438,0
5439,1
5440,0
5441,0
5442,0
5443,0
5444,1
5445,0
5446,1
5447,1
5448,0
5449,1
5450,0
5451,0
5452,1
5453,1
5454,0
5455,0
5456,0
5457,1
5458,0
5459,1
5460,1
5461,0
5462,0
5463,1
5464,0
5465,1
5466,0
5467,0
5468,0
5469,0
5470,1
5471,0
5472,0
5473,1
5474,1
5475,1
5476,0
5477,0
5478,0
5479,1
5480,0
5481,0
5482,0
5483,1
5484,0
5485,0
5486,1
5487,1
5488,1
5489,1
5490,1
5491,0
5492,1
5493,1
5494,0
5495,1
5496,1
5497,0
5498,0
5499,1
5500,1
5501,0
5502,1
5503,0
5504,1
5505,0
5506,1
5507,0
5508,1
5509,1
5510,0
5511,0
5512,0
5513,0
5514,0
5515,1
5516,0
5517,1
5518,1
5519,1
5520,0
5521,1
5522,0
5523,0
5524,1
5525,1
5526,0
5527,1
5528,0
5529,0
5530,0
5531,0
5532,1
5533,1
5534,0
5535,1
5536,0
5537,0
5538,0
5539,1
5540,1
5541,0
5542,0
5543,1
5544,0
5545,1
5546,1
5547,0
5548,1
5549,0
5550,1
5551,0
5552,1
5553,1
5554,0
5555,1
5556,0
5557,1
5558,0
5559,1
5560,1
5561,1
5562,1
5563,0
5564,1
5565,0
5566,0
5567,0
5568,0
5569,0
5570,1
5571,0
5572,0
5573,1
5574,1
5575,0
5576,0
5577,0
5578,1
5579,0
5580,0
5581,0
5582,0
5583,0
5584,1
5585,0
5586,0
5587,1
5588,1
5589,1
5590,0
5591,0
5592,1
5593,0
5594,0
5595,1
5596,1
5597,0
5598,0
5599,0
5600,0
5601,0
5602,1
5603,0
5604,0
5605,1
5606,0
5607,1
5608,0
5609,1
5610,0
5611,0
5612,0
5613,1
5614,1
5615,0
5616,1
5617,1
5618,1
5619,0
5620,1
5621,0
5622,1
5623,1
5624,1
5625,0
5626,1
5627,0
5628,0
5629,0
5630,1
5631,0
5632,0
5633,1
5634,1
5635,1
5636,1
5637,1
5638,0
5639,1
5640,0
5641,0
5642,1
5643,0
5644,1
5645,0
5646,0
5647,1
5648,1
5649,1
5650,0
5651,0
5652,1
5653,1
5654,0
5655,1
5656,0
5657,1
5658,1
5659,0
5660,0
5661,0
5662,0
5663,1
5664,0
5665,0
5666,1
5667,0
5668,1
5669,0
5670,1
5671,1
5672,1
5673,0
5674,0
5675,0
5676,1
5677,0
5678,0
5679,1
5680,0
5681,0
5682,1
5683,1
5684,1
5685,1
5686,0
5687,0
5688,0
5689,1
5690,0
5691,0
5692,0
5693,1
5694,1
5695,1
5696,1
5697,0
5698,1
5699,1
5700,0
5701,1
5702,0
5703,1
5704,0
5705,0
5706,0
5707,1
5708,0
5709,1
5710,0
5711,0
5712,0
5713,0
5714,1
5715,0
5716,0
5717,0
5718,1
5719,0
5720,0
5721,0
5722,0
5723,0
5724,0
5725,0
5726,1
5727,0
5728,1
5729,1
5730,1
5731,0
5732,1
5733,0
5734,0
5735,0
5736,1
5737,0
5738,0
5739,1
5740,1
5741,1
5742,0
5743,1
5744,1
5745,0
5746,1
5747,0
5748,1
5749,1
5750,1
5751,1
5752,0
5753,1
5754,1
5755,0
5756,1
5757,0
5758,1
5759,0
5760,1
5761,1
5762,1
5763,0
5764,1
5765,1
5766,1
5767,1
5768,0
5769,0
5770,1
5771,1
5772,0
5773,0
5774,0
5775,1
5776,0
5777,0
5778,1
5779,0
5780,0
5781,1
5782,0
5783,0
5784,0
5785,1
5786,1
5787,0
5788,1
5789,1
5790,0
5791,0
5792,0
5793,0
5794,1
5795,1
5796,0
5797,1
5798,0
5799,0
5800,0
5801,1
5802,0
5803,0
5804,1
5805,1
5806,0
5807,1
5808,0
5809,1
5810,0
5811,0
5812,0
5813,0
5814,0
5815,1
5816,1
5817,0
5818,1
5819,1
5820,1
5821,1
5822,0
5823,1
5824,0
5825,1
5826,0
5827,1
5828,1
5829,1
5830,1
5831,0
5832,1
5833,1
5834,1
5835,0
5836,1
5837,1
5838,1
5839,0
5840,1
5841,0
5842,1
5843,1
5844,0
5845,1
5846,0
5847,0
5848,0
5849,1
5850,1
5851,0
5852,0
5853,1
5854,0
5855,1
5856,1
5857,0
5858,0
5859,1
5860,1
5861,0
5862,0
5863,0
5864,0
5865,0
5866,0
5867,1
5868,0
5869,0
5870,1
5871,0
5872,1
5873,1
5874,0
5875,1
5876,0
5877,0
5878,0
5879,1
5880,0
5881,0
5882,0
5883,1
5884,0
5885,0
5886,0
5887,1
5888,1
5889,0
5890,0
5891,1
5892,0
5893,0
5894,0
5895,0
5896,0
5897,0
5898,0
5899,0
5900,0
5901,1
5902,1
5903,1
5904,1
5905,1
5906,0
5907,1
5908,1
5909,1
5910,0
5911,1
5912,1
5913,1
5914,1
5915,0
5916,0
5917,0
5918,1
5919,0
5920,0
5921,1
5922,1
5923,1
5924,0
5925,1
5926,0
5927,0
5928,0
5929,1
5930,1
5931,0
5932,1
5933,1
5934,1
5935,0
5936,0
5937,1
5938,0
5939,1
5940,0
5941,1
5942,1
5943,0
5944,1
5945,0
5946,0
5947,0
5948,0
5949,1
5950,1
5951,0
5952,0
5953,0
5954,0
5955,0
5956,1
5957,0
5958,1
5959,1
5960,1
5961,1
5962,1
5963,1
5964,0
5965,1
5966,0
5967,0
5968,0
5969,1
5970,0
5971,1
5972,0
5973,0
5974,0
5975,1
5976,0
5977,1
5978,1
5979,1
5980,0
5981,0
5982,0
5983,0
5984,1
5985,0
5986,0
5987,1
5988,1
5989,1
5990,1
5991,0
5992,1
5993,1
5994,1
5995,1
5996,1
5997,1
5998,0
5999,0
6000,1
6001,1
6002,1
6003,0
6004,0
6005,1
6006,1
6007,1
6008,0
6009,1
6010,0
6011,0
6012,1
6013,0
6014,0
6015,1
6016,0
6017,1
6018,0
6019,0
6020,0
6021,0
6022,1
6023,0
6024,0
6025,1
6026,0
6027,1
6028,1
6029,1
6030,1
6031,0
6032,1
6033,1
6034,0
6035,1
6036,0
6037,0
6038,0
6039,0
6040,0
6041,1
6042,1
6043,0
6044,0
6045,0
6046,0
6047,0
6048,1
6049,0
6050,0
6051,0
6052,0
6053,1
6054,0
6055,1
6056,1
6057,0
6058,1
6059,1
6060,1
6061,1
6062,0
6063,0
6064,1
6065,0
6066,0
6067,0
6068,0
6069,1
6070,0
6071,1
6072,1
6073,0
6074,0
6075,1
6076,0
6077,1
6078,0
6079,0
6080,0
6081,1
6082,0
6083,1
6084,1
6085,1
6086,0
6087,0
6088,1
6089,1
6090,0
6091,0
6092,1
6093,1
6094,1
6095,1
6096,1
6097,0
6098,0
6099,1
6100,0
6101,0
6102,0
6103,1
6104,1
6105,0
6106,0
6107,0
6108,1
6109,0
6110,0
6111,1
6112,0
6113,1
6114,0
6115,1
6116,1
6117,0
6118,0
6119,1
6120,1
6121,1
6122,1
6123,1
6124,1
6125,1
6126,0
6127,1
6128,0
6129,1
6130,1
6131,0
6132,0
6133,1
6134,0
6135,1
6136,1
6137,0
6138,0
6139,1
6140,0
6141,1
6142,1
6143,1
6144,0
6145,1
6146,1
6147,1
6148,0
6149,1
6150,0
6151,1
6152,1
6153,1
6154,1
6155,0
6156,1
6157,1
6158,1
6159,0
6160,0
6161,0
6162,0
6163,1
6164,1
6165,0
6166,1
6167,1
6168,0
6169,0
6170,0
6171,0
6172,1
6173,0
6174,1
6175,0
6176,0
6177,0
6178,1
6179,1
6180,0
6181,0
6182,1
6183,0
6184,1
6185,0
6186,0
6187,0
6188,1
6189,0
6190,1
6191,1
6192,1
6193,0
6194,1
6195,0
6196,0
6197,0
6198,0
6199,0
6200,0
6201,1
6202,1
6203,1
6204,0
6205,1
6206,0
6207,0
6208,1
6209,0
6210,0
6211,1
6212,0
6213,0
6214,1
6215,0
6216,0
6217,0
6218,1
6219,0
6220,0
6221,1
6222,1
6223,0
6224,0
6225,1
6226,0
6227,0
6228,0
6229,1
6230,1
6231,1
6232,1
6233,1
6234,0
6235,1
6236,0
6237,0
6238,0
6239,1
6240,1
6241,0
6242,0
6243,1
6244,0
6245,1
6246,1
6247,0
6248,1
6249,1
6250,1
6251,1
6252,0
6253,1
6254,0
6255,0
6256,0
6257,1
6258,1
6259,1
6260,1
6261,0
6262,1
6263,1
6264,0
6265,1
6266,1
6267,0
6268,1
6269,0
6270,1
6271,0
6272,1
6273,1
6274,0
6275,0
6276,0
6277,0
6278,0
6279,0
6280,0
6281,1
6282,0
6283,0
6284,0
6285,1
6286,0
6287,0
6288,1
6289,1
6290,0
6291,0
6292,1
6293,1
6294,0
6295,1
6296,1
6297,1
6298,1
6299,0
6300,0
6301,1
6302,1
6303,1
6304,0
6305,0
6306,0
6307,0
6308,0
6309,1
6310,0
6311,0
6312,0
6313,0
6314,0
6315,1
6316,1
6317,0
6318,1
6319,1
6320,0
6321,0
6322,1
6323,0
6324,0
6325,0
6326,0
6327,0
6328,1
6329,1
6330,1
6331,0
6332,1
6333,1
6334,0
6335,0
6336,0
6337,0
6338,1
6339,0
6340,0
6341,0
6342,1
6343,0
6344,0
6345,1
6346,0
6347,1
6348,1
6349,0
6350,1
6351,1
6352,0
6353,1
6354,1
6355,1
6356,1
6357,1
6358,0
6359,0
6360,0
6361,0
6362,1
6363,0
6364,1
6365,0
6366,1
6367,0
6368,0
6369,0
6370,0
6371,1
6372,0
6373,0
6374,0
6375,1
6376,0
6377,0
6378,1
6379,0
6380,0
6381,0
6382,1
6383,0
6384,1
6385,0
6386,1
6387,1
6388,1
6389,1
6390,1
6391,0
6392,1
6393,0
6394,1
6395,1
6396,1
6397,0
6398,1
6399,1
6400,0
6401,0
6402,0
6403,1
6404,0
6405,1
6406,1
6407,0
6408,1
6409,0
6410,1
6411,0
6412,1
6413,0
6414,0
6415,0
6416,0
6417,0
6418,0
6419,0
6420,1
6421,0
6422,1
6423,1
6424,0
6425,0
6426,0
6427,0
6428,1
6429,0
6430,1
6431,1
6432,0
6433,0
6434,1
6435,1
6436,1
6437,0
6438,0
6439,1
6440,0
6441,1
6442,1
6443,1
6444,0
6445,1
6446,1
6447,1
6448,0
6449,1
6450,1
6451,0
6452,0
6453,0
6454,1
6455,1
6456,1
6457,0
6458,0
6459,0
6460,0
6461,0
6462,1
6463,1
6464,1
6465,1
6466,1
6467,1
6468,0
6469,0
6470,0
6471,0
6472,1
6473,1
6474,1
6475,0
6476,1
6477,1
6478,1
6479,0
6480,0
6481,1
6482,0
6483,1
6484,1
6485,0
6486,1
6487,0
6488,1
6489,1
6490,1
6491,0
6492,0
6493,1
6494,0
6495,1
6496,1
6497,1
6498,1
6499,0
6500,0
6501,0
6502,0
6503,0
6504,1
6505,0
6506,0
6507,1
6508,0
6509,1
6510,1
6511,0
6512,1
6513,0
6514,1
6515,1
6516,1
6517,1
6518,0
6519,0
6520,0
6521,0
6522,1
6523,0
6524,0
6525,0
6526,1
6527,1
6528,1
6529,1
6530,0
6531,1
6532,0
6533,1
6534,1
6535,1
6536,1
6537,0
6538,0
6539,0
6540,0
6541,0
6542,0
6543,1
6544,1
6545,0
6546,0
6547,0
6548,0
6549,0
6550,0
6551,0
6552,0
6553,1
6554,1
6555,1
6556,0
6557,1
6558,1
6559,0
6560,0
6561,0
6562,1
6563,1
6564,0
6565,0
6566,0
6567,0
6568,1
6569,1
6570,0
6571,1
6572,0
6573,1
6574,0
6575,0
6576,0
6577,1
6578,0
6579,0
6580,1
6581,1
6582,0
6583,1
6584,0
6585,0
6586,0
6587,1
6588,1
6589,0
6590,1
6591,1
6592,0
6593,1
6594,1
6595,1
6596,0
6597,1
6598,0
6599,0
6600,0
6601,0
6602,1
6603,1
6604,0
6605,0
6606,1
6607,1
6608,1
6609,1
6610,1
6611,0
6612,1
6613,1
6614,1
6615,1
6616,1
6617,1
6618,1
6619,0
6620,1
6621,1
6622,1
6623,0
6624,0
6625,1
6626,1
6627,1
6628,0
6629,1
6630,1
6631,0
6632,0
6633,1
6634,1
6635,0
6636,1
6637,1
6638,0
6639,1
6640,1
6641,1
6642,1
6643,1
6644,0
6645,0
6646,0
6647,1
6648,0
6649,0
6650,0
6651,0
6652,0
6653,0
6654,0
6655,1
6656,0
6657,0
6658,0
6659,0
6660,1
6661,1
6662,1
6663,0
6664,1
6665,0
6666,1
6667,1
6668,1
6669,0
6670,0
6671,0
6672,1
6673,0
6674,0
6675,1
6676,0
6677,0
6678,0
6679,0
6680,0
6681,0
6682,0
6683,1
6684,1
6685,1
6686,1
6687,1
6688,1
6689,0
6690,0
6691,0
6692,1
6693,0
6694,0
6695,1
6696,0
6697,0
6698,0
6699,0
6700,0
6701,1
6702,1
6703,1
6704,0
6705,1
6706,0
6707,0
6708,1
6709,0
6710,0
6711,0
6712,1
6713,0
6714,1
6715,1
6716,1
6717,0
6718,1
6719,0
6720,1
6721,1
6722,1
6723,0
6724,0
6725,0
6726,1
6727,0
6728,0
6729,1
6730,0
6731,1
6732,0
6733,0
6734,0
6735,1
6736,1
6737,0
6738,0
6739,0
6740,0
6741,0
6742,1
6743,1
6744,0
6745,1
6746,0
6747,0
6748,1
6749,0
6750,0
6751,1
6752,1
6753,0
6754,1
6755,0
6756,1
6757,0
6758,0
6759,0
6760,1
6761,1
6762,1
6763,0
6764,1
6765,1
6766,1
6767,1
6768,1
6769,1
6770,1
6771,0
6772,0
6773,1
6774,1
6775,1
6776,1
6777,1
6778,1
6779,1
6780,0
6781,0
6782,1
6783,1
6784,1
6785,0
6786,0
6787,0
6788,1
6789,1
6790,0
6791,0
6792,1
6793,0
6794,1
6795,0
6796,0
6797,0
6798,1
6799,0
6800,0
6801,0
6802,0
6803,0
6804,0
6805,1
6806,1
6807,0
6808,0
6809,0
6810,0
6811,1
6812,0
6813,1
6814,1
6815,1
6816,1
6817,0
6818,0
6819,1
6820,1
6821,0
6822,1
6823,0
6824,0
6825,1
6826,0
6827,1
6828,1
6829,0
6830,1
6831,0
6832,1
6833,0
6834,1
6835,0
6836,1
6837,1
6838,0
6839,0
6840,0
6841,1
6842,0
6843,0
6844,0
6845,0
6846,1
6847,1
6848,0
6849,0
6850,0
6851,0
6852,0
6853,0
6854,0
6855,1
6856,1
6857,1
6858,1
6859,1
6860,0
6861,0
6862,0
6863,0
6864,0
6865,1
6866,1
6867,1
6868,0
6869,0
6870,1
6871,1
6872,1
6873,1
6874,0
6875,0
6876,0
6877,1
6878,0
6879,0
6880,1
6881,1
6882,1
6883,0
6884,1
6885,0
6886,1
6887,1
6888,0
6889,0
6890,0
6891,0
6892,0
6893,1
6894,1
6895,1
6896,1
6897,0
6898,1
6899,0
6900,0
6901,0
6902,0
6903,1
6904,0
6905,0
6906,0
6907,0
6908,0
6909,0
6910,0
6911,0
6912,0
6913,1
6914,0
6915,1
6916,1
6917,0
6918,1
6919,0
6920,1
6921,1
6922,1
6923,0
6924,0
6925,0
6926,1
6927,0
6928,1
6929,0
6930,1
6931,1
6932,1
6933,0
6934,1
6935,0
6936,1
6937,1
6938,1
6939,1
6940,0
6941,0
6942,1
6943,0
6944,1
6945,1
6946,1
6947,0
6948,0
6949,0
6950,1
6951,0
6952,0
6953,1
6954,0
6955,1
6956,1
6957,0
6958,1
6959,1
6960,1
6961,0
6962,1
6963,1
6964,0
6965,0
6966,1
6967,1
6968,0
6969,0
6970,1
6971,1
6972,0
6973,1
6974,0
6975,1
6976,1
6977,1
6978,0
6979,1
6980,0
6981,0
6982,0
6983,0
6984,1
6985,0
6986,1
6987,0
6988,0
6989,0
6990,0
6991,0
6992,0
6993,0
6994,1
6995,0
6996,1
6997,0
6998,0
6999,1
7000,1
7001,0
7002,1
7003,1
7004,0
7005,0
7006,0
7007,0
7008,1
7009,1
7010,1
7011,0
7012,0
7013,1
7014,0
7015,1
7016,0
7017,0
7018,1
7019,1
7020,1
7021,1
7022,1
7023,0
7024,0
7025,1
7026,1
7027,0
7028,1
7029,0
7030,1
7031,0
7032,1
7033,1
7034,1
7035,0
7036,0
7037,1
7038,1
7039,1
7040,0
7041,0
7042,0
7043,1
7044,0
7045,0
7046,0
7047,1
7048,0
7049,1
7050,0
7051,0
7052,0
7053,1
7054,1
7055,0
7056,1
7057,0
7058,1
7059,0
7060,1
7061,0
7062,1
7063,0
7064,0
7065,1
7066,0
7067,1
7068,1
7069,0
7070,1
7071,1
7072,0
7073,0
7074,1
7075,1
7076,1
7077,1
7078,0
7079,1
7080,0
7081,1
7082,0
7083,1
7084,1
7085,1
7086,1
7087,1
7088,1
7089,1
7090,0
7091,0
7092,0
7093,1
7094,1
7095,1
7096,0
7097,1
7098,1
7099,0
7100,0
7101,0
7102,1
7103,1
7104,0
7105,1
7106,1
7107,0
7108,1
7109,1
7110,1
7111,0
7112,0
7113,0
7114,1
7115,0
7116,0
7117,1
7118,0
7119,0
7120,1
7121,1
7122,1
7123,1
7124,0
7125,1
7126,1
7127,0
7128,1
7129,1
7130,0
7131,1
7132,0
7133,1
7134,1
7135,1
7136,1
7137,0
7138,1
7139,1
7140,1
7141,0
7142,0
7143,0
7144,0
7145,0
7146,1
7147,1
7148,1
7149,0
7150,0
7151,1
7152,1
7153,0
7154,0
7155,0
7156,1
7157,1
7158,0
7159,0
7160,1
7161,1
7162,1
7163,1
7164,0
7165,1
7166,1
7167,1
7168,1
7169,0
7170,0
7171,1
7172,0
7173,0
7174,1
7175,1
7176,1
7177,1
7178,0
7179,0
7180,0
7181,1
7182,0
7183,1
7184,0
7185,1
7186,1
7187,1
7188,0
7189,0
7190,1
7191,1
7192,0
7193,1
7194,1
7195,0
7196,0
7197,0
7198,0
7199,0
7200,1
7201,0
7202,0
7203,1
7204,0
7205,1
7206,1
7207,1
7208,0
7209,1
7210,1
7211,0
7212,1
7213,0
7214,1
7215,1
7216,0
7217,0
7218,1
7219,0
7220,0
7221,0
7222,0
7223,1
7224,0
7225,0
7226,1
7227,0
7228,0
7229,0
7230,0
7231,0
7232,0
7233,1
7234,1
7235,1
7236,0
7237,0
7238,1
7239,0
7240,0
7241,0
7242,1
7243,0
7244,1
7245,1
7246,0
7247,0
7248,1
7249,1
7250,1
7251,0
7252,0
7253,1
7254,0
7255,1
7256,1
7257,1
7258,0
7259,1
7260,0
7261,1
7262,1
7263,1
7264,1
7265,1
7266,0
7267,0
7268,0
7269,1
7270,0
7271,0
7272,1
7273,0
7274,1
7275,1
7276,0
7277,0
7278,0
7279,0
7280,0
7281,0
7282,0
7283,1
7284,1
7285,0
7286,1
7287,0
7288,0
7289,1
7290,0
7291,1
7292,1
7293,0
7294,1
7295,1
7296,0
7297,1
7298,0
7299,1
7300,0
7301,1
7302,1
7303,0
7304,0
7305,0
7306,0
7307,0
7308,1
7309,1
7310,0
7311,0
7312,1
7313,1
7314,1
7315,0
7316,0
7317,0
7318,1
7319,0
7320,1
7321,0
7322,0
7323,1
7324,0
7325,0
7326,0
7327,1
7328,0
7329,0
7330,1
7331,1
7332,1
7333,1
7334,1
7335,1
7336,1
7337,1
7338,1
7339,0
7340,1
7341,1
7342,1
7343,0
7344,0
7345,1
7346,0
7347,0
7348,0
7349,1
7350,1
7351,1
7352,1
7353,1
7354,1
7355,0
7356,0
7357,1
7358,1
7359,0
7360,0
7361,0
7362,1
7363,1
7364,1
7365,0
7366,1
7367,0
7368,0
7369,0
7370,1
7371,0
7372,0
7373,0
7374,1
7375,1
7376,1
7377,0
7378,0
7379,0
7380,0
7381,1
7382,1
7383,1
7384,0
7385,1
7386,0
7387,1
7388,0
7389,1
7390,1
7391,1
7392,0
7393,1
7394,1
7395,0
7396,1
7397,0
7398,0
7399,1
7400,0
7401,0
7402,1
7403,0
7404,0
7405,0
7406,0
7407,0
7408,1
7409,0
7410,1
7411,0
7412,1
7413,0
7414,1
7415,0
7416,0
7417,0
7418,0
7419,1
7420,1
7421,1
7422,1
7423,0
7424,1
7425,0
7426,0
7427,1
7428,0
7429,1
7430,1
7431,1
7432,0
7433,0
7434,1
7435,0
7436,1
7437,0
7438,0
7439,0
7440,1
7441,1
7442,0
7443,0
7444,1
7445,0
7446,1
7447,0
7448,0
7449,1
7450,0
7451,1
7452,1
7453,0
7454,0
7455,1
7456,0
7457,1
7458,1
7459,1
7460,0
7461,0
7462,0
7463,0
7464,0
7465,1
7466,0
7467,0
7468,1
7469,0
7470,0
7471,0
7472,1
7473,0
7474,0
7475,1
7476,0
7477,1
7478,0
7479,0
7480,1
7481,1
7482,0
7483,1
7484,1
7485,0
7486,1
7487,0
7488,0
7489,0
7490,1
7491,0
7492,0
7493,1
7494,1
7495,1
7496,1
7497,1
7498,1
7499,1
7500,1
7501,0
7502,1
7503,1
7504,0
7505,0
7506,1
7507,1
7508,0
7509,1
7510,0
7511,0
7512,0
7513,1
7514,0
7515,0
7516,1
7517,1
7518,0
7519,1
7520,1
7521,1
7522,1
7523,0
7524,1
7525,0
7526,1
7527,0
7528,1
7529,0
7530,1
7531,1
7532,1
7533,1
7534,0
7535,0
7536,1
7537,0
7538,1
7539,0
7540,1
7541,0
7542,1
7543,0
7544,1
7545,0
7546,1
7547,1
7548,1
7549,1
7550,1
7551,1
7552,1
7553,0
7554,0
7555,0
7556,0
7557,1
7558,0
7559,0
7560,1
7561,1
7562,1
7563,0
7564,0
7565,1
7566,0
7567,1
7568,1
7569,0
7570,0
7571,0
7572,0
7573,0
7574,1
7575,0
7576,0
7577,0
7578,1
7579,0
7580,1
7581,0
7582,1
7583,1
7584,1
7585,1
7586,1
7587,1
7588,0
7589,0
7590,0
7591,1
7592,1
7593,0
7594,0
7595,1
7596,0
7597,0
7598,1
7599,0
7600,1
7601,0
7602,0
7603,1
7604,1
7605,0
7606,1
7607,0
7608,0
7609,0
7610,0
7611,0
7612,1
7613,0
7614,0
7615,0
7616,0
7617,0
7618,0
7619,1
7620,1
7621,0
7622,0
7623,0
7624,1
7625,1
7626,0
7627,0
7628,1
7629,0
7630,0
7631,0
7632,0
7633,1
7634,0
7635,0
7636,0
7637,1
7638,1
7639,1
7640,0
7641,1
7642,0
7643,1
7644,1
7645,1
7646,0
7647,1
7648,1
7649,0
7650,1
7651,0
7652,0
7653,1
7654,1
7655,0
7656,0
7657,0
7658,0
7659,1
7660,0
7661,0
7662,1
7663,0
7664,1
7665,1
7666,0
7667,1
7668,1
7669,1
7670,1
7671,1
7672,0
7673,0
7674,1
7675,1
7676,1
7677,1
7678,0
7679,1
7680,1
7681,1
7682,0
7683,0
7684,1
7685,1
7686,1
7687,0
7688,1
7689,1
7690,0
7691,0
7692,0
7693,0
7694,0
7695,0
7696,1
7697,0
7698,0
7699,1
7700,0
7701,1
7702,1
7703,1
7704,1
7705,0
7706,1
7707,0
7708,0
7709,1
7710,1
7711,1
7712,1
7713,0
7714,0
7715,0
7716,0
7717,0
7718,0
7719,1
7720,1
7721,1
7722,0
7723,0
7724,0
7725,0
7726,1
7727,1
7728,0
7729,0
7730,1
7731,0
7732,1
7733,1
7734,1
7735,1
7736,1
7737,0
7738,1
7739,0
7740,1
7741,1
7742,1
7743,1
7744,1
7745,1
7746,0
7747,1
7748,0
7749,1
7750,1
7751,0
7752,0
7753,0
7754,1
7755,0
7756,0
7757,1
7758,1
7759,1
7760,0
7761,0
7762,1
7763,1
7764,1
7765,1
7766,0
7767,0
7768,0
7769,1
7770,0
7771,0
7772,1
7773,0
7774,0
7775,0
7776,0
7777,0
7778,0
7779,0
7780,0
7781,0
7782,1
7783,0
7784,0
7785,0
7786,0
7787,1
7788,0
7789,1
7790,1
7791,1
7792,1
7793,1
7794,0
7795,1
7796,0
7797,0
7798,0
7799,1
7800,1
7801,0
7802,1
7803,1
7804,1
7805,1
7806,1
7807,0
7808,1
7809,0
7810,0
7811,0
7812,0
7813,1
7814,0
7815,1
7816,1
7817,0
7818,0
7819,1
7820,1
7821,0
7822,0
7823,1
7824,0
7825,0
7826,1
7827,1
7828,1
7829,0
7830,0
7831,1
7832,1
7833,0
7834,0
7835,1
7836,0
7837,1
7838,1
7839,1
7840,0
7841,1
7842,1
7843,1
7844,1
7845,1
7846,1
7847,0
7848,0
7849,0
7850,1
7851,0
7852,0
7853,1
7854,1
7855,1
7856,0
7857,1
7858,0
7859,1
7860,1
7861,0
7862,0
7863,1
7864,1
7865,1
7866,0
7867,1
7868,0
7869,1
7870,0
7871,0
7872,0
7873,1
7874,0
7875,1
7876,1
7877,0
7878,0
7879,1
7880,1
7881,1
7882,1
7883,0
7884,0
7885,1
7886,0
7887,0
7888,0
7889,0
7890,0
7891,0
7892,1
7893,1
7894,0
7895,0
7896,0
7897,0
7898,0
7899,0
7900,1
7901,1
7902,1
7903,0
7904,1
7905,0
7906,0
7907,0
7908,1
7909,1
7910,0
7911,1
7912,1
7913,0
7914,1
7915,1
7916,0
7917,1
7918,1
7919,0
7920,1
7921,1
7922,0
7923,1
7924,1
7925,0
7926,1
7927,0
7928,1
7929,1
7930,0
7931,0
7932,0
7933,0
7934,1
7935,1
7936,1
7937,1
7938,0
7939,1
7940,1
7941,0
7942,1
7943,1
7944,0
7945,1
7946,0
7947,1
7948,1
7949,0
7950,0
7951,0
7952,0
7953,0
7954,0
7955,1
7956,1
7957,1
7958,1
7959,1
7960,1
7961,1
7962,1
7963,0
7964,1
7965,1
7966,0
7967,0
7968,0
7969,0
7970,0
7971,1
7972,0
7973,1
7974,1
7975,0
7976,0
7977,0
7978,0
7979,0
7980,0
7981,0
7982,0
7983,0
7984,1
7985,1
7986,0
7987,0
7988,0
7989,0
7990,0
7991,0
7992,1
7993,0
7994,0
7995,1
7996,1
7997,0
7998,1
7999,0
8000,0
8001,1
8002,0
8003,1
8004,1
8005,0
8006,0
8007,1
8008,1
8009,1
8010,0
8011,0
8012,1
8013,1
8014,0
8015,0
8016,0
8017,1
8018,1
8019,1
8020,1
8021,0
8022,1
8023,0
8024,1
8025,1
8026,1
8027,0
8028,1
8029,1
8030,0
8031,1
8032,1
8033,1
8034,0
8035,0
8036,0
8037,1
8038,1
8039,0
8040,1
8041,1
8042,1
8043,1
8044,0
8045,1
8046,1
8047,1
8048,1
8049,1
8050,0
8051,1
8052,1
8053,1
8054,0
8055,1
8056,0
8057,1
8058,1
8059,0
8060,1
8061,0
8062,1
8063,1
8064,1
8065,0
8066,1
8067,0
8068,1
8069,1
8070,1
8071,0
8072,0
8073,1
8074,0
8075,1
8076,0
8077,1
8078,0
8079,1
8080,0
8081,1
8082,1
8083,1
8084,1
8085,1
8086,1
8087,0
8088,1
8089,0
8090,1
8091,1
8092,0
8093,1
8094,0
8095,1
8096,0
8097,1
8098,1
8099,0
8100,1
8101,1
8102,1
8103,1
8104,1
8105,0
8106,0
8107,1
8108,1
8109,1
8110,1
8111,1
8112,1
8113,1
8114,0
8115,0
8116,0
8117,0
8118,1
8119,1
8120,0
8121,1
8122,0
8123,1
8124,1
8125,0
8126,0
8127,0
8128,1
8129,0
8130,1
8131,1
8132,1
8133,0
8134,1
8135,1
8136,1
8137,1
8138,0
8139,0
8140,0
8141,0
8142,0
8143,1
8144,0
8145,0
8146,1
8147,0
8148,0
8149,0
8150,1
8151,1
8152,1
8153,1
8154,1
8155,1
8156,1
8157,1
8158,0
8159,1
8160,0
8161,0
8162,1
8163,1
8164,1
8165,0
8166,1
8167,0
8168,0
8169,0
8170,0
8171,1
8172,0
8173,1
8174,1
8175,0
8176,1
8177,0
8178,0
8179,0
8180,1
8181,1
8182,0
8183,0
8184,0
8185,0
8186,1
8187,1
8188,1
8189,1
8190,0
8191,1
8192,1
8193,0
8194,1
8195,1
8196,0
8197,0
8198,0
8199,1
8200,1
8201,1
8202,0
8203,1
8204,1
8205,1
8206,1
8207,0
8208,1
8209,1
8210,1
8211,1
8212,1
8213,0
8214,1
8215,0
8216,0
8217,1
8218,1
8219,1
8220,0
8221,1
8222,0
8223,0
8224,0
8225,0
8226,0
8227,1
8228,1
8229,1
8230,0
8231,1
8232,0
8233,1
8234,1
8235,1
8236,0
8237,0
8238,1
8239,1
8240,1
8241,0
8242,1
8243,0
8244,0
8245,0
8246,1
8247,0
8248,0
8249,1
8250,1
8251,1
8252,1
8253,0
8254,1
8255,0
8256,1
8257,1
8258,1
8259,1
8260,0
8261,0
8262,0
8263,0
8264,1
8265,0
8266,1
8267,1
8268,0
8269,0
8270,0
8271,1
8272,1
8273,0
8274,1
8275,1
8276,1
8277,0
8278,1
8279,1
8280,0
8281,0
8282,1
8283,0
8284,0
8285,0
8286,0
8287,1
8288,0
8289,0
8290,1
8291,1
8292,1
8293,1
8294,0
8295,1
8296,0
8297,0
8298,0
8299,1
8300,0
8301,0
8302,0
8303,1
8304,1
8305,0
8306,0
8307,1
8308,1
8309,0
8310,0
8311,0
8312,1
8313,0
8314,0
8315,1
8316,0
8317,0
8318,1
8319,0
8320,1
8321,1
8322,0
8323,0
8324,0
8325,1
8326,1
8327,1
8328,1
8329,0
8330,1
8331,1
8332,1
8333,1
8334,0
8335,1
8336,0
8337,1
8338,1
8339,0
8340,1
8341,0
8342,1
8343,1
8344,1
8345,0
8346,0
8347,1
8348,1
8349,1
8350,1
8351,1
8352,1
8353,0
8354,0
8355,1
8356,0
8357,0
8358,1
8359,0
8360,0
8361,1
8362,0
8363,1
8364,1
8365,1
8366,0
8367,0
8368,0
8369,0
8370,1
8371,0
8372,0
8373,1
8374,0
8375,0
8376,0
8377,0
8378,1
8379,0
8380,0
8381,1
8382,1
8383,0
8384,1
8385,0
8386,1
8387,1
8388,0
8389,1
8390,1
8391,0
8392,1
8393,1
8394,1
8395,1
8396,0
8397,0
8398,0
8399,0
8400,0
8401,1
8402,1
8403,0
8404,1
8405,0
8406,0
8407,1
8408,0
8409,1
8410,0
8411,0
8412,1
8413,0
8414,1
8415,0
8416,1
8417,1
8418,1
8419,1
8420,0
8421,1
8422,0
8423,1
8424,1
8425,0
8426,1
8427,1
8428,1
8429,1
8430,0
8431,0
8432,1
8433,0
8434,1
8435,1
8436,1
8437,0
8438,0
8439,1
8440,1
8441,0
8442,0
8443,1
8444,1
8445,0
8446,1
8447,1
8448,1
8449,0
8450,1
8451,1
8452,1
8453,1
8454,1
8455,0
8456,0
8457,0
8458,0
8459,0
8460,0
8461,0
8462,0
8463,1
8464,0
8465,1
8466,1
8467,1
8468,1
8469,1
8470,1
8471,0
8472,0
8473,0
8474,0
8475,0
8476,1
8477,0
8478,1
8479,0
8480,1
8481,0
8482,0
8483,0
8484,1
8485,1
8486,0
8487,0
8488,0
8489,1
8490,1
8491,1
8492,1
8493,0
8494,0
8495,0
8496,0
8497,0
8498,0
8499,1
8500,0
8501,0
8502,1
8503,1
8504,0
8505,1
8506,0
8507,0
8508,0
8509,0
8510,0
8511,1
8512,1
8513,1
8514,0
8515,1
8516,0
8517,1
8518,0
8519,0
8520,1
8521,1
8522,0
8523,1
8524,1
8525,0
8526,0
8527,1
8528,0
8529,1
8530,1
8531,1
8532,1
8533,1
8534,1
8535,1
8536,1
8537,1
8538,0
8539,0
8540,0
8541,1
8542,1
8543,1
8544,1
8545,1
8546,0
8547,0
8548,0
8549,0
8550,0
8551,0
8552,1
8553,1
8554,0
8555,0
8556,0
8557,1
8558,1
8559,0
8560,0
8561,0
8562,0
8563,1
8564,0
8565,0
8566,1
8567,0
8568,0
8569,0
8570,1
8571,1
8572,0
8573,1
8574,1
8575,0
8576,0
8577,1
8578,0
8579,1
8580,1
8581,0
8582,0
8583,0
8584,0
8585,0
8586,1
8587,0
8588,0
8589,1
8590,1
8591,1
8592,1
8593,0
8594,0
8595,0
8596,0
8597,0
8598,0
8599,0
8600,0
8601,0
8602,0
8603,0
8604,0
8605,0
8606,0
8607,0
8608,1
8609,1
8610,0
8611,1
8612,0
8613,0
8614,0
8615,0
8616,0
8617,0
8618,1
8619,0
8620,0
8621,1
8622,0
8623,1
8624,1
8625,0
8626,1
8627,1
8628,1
8629,1
8630,1
8631,0
8632,1
8633,0
8634,1
8635,0
8636,0
8637,0
8638,1
8639,1
8640,1
8641,0
8642,0
8643,1
8644,1
8645,1
8646,0
8647,0
8648,1
8649,0
8650,0
8651,0
8652,1
8653,0
8654,0
8655,1
8656,1
8657,0
8658,0
8659,0
8660,0
8661,0
8662,1
8663,1
8664,0
8665,0
8666,1
8667,0
8668,1
8669,0
8670,0
8671,1
8672,0
8673,1
8674,1
8675,0
8676,1
8677,1
8678,0
8679,1
8680,0
8681,0
8682,1
8683,1
8684,0
8685,0
8686,0
8687,1
8688,1
8689,0
8690,1
8691,1
8692,0
8693,1
8694,1
8695,1
8696,1
8697,1
8698,0
8699,1
8700,0
8701,0
8702,0
8703,0
8704,0
8705,1
8706,1
8707,1
8708,1
8709,0
8710,1
8711,0
8712,0
8713,0
8714,0
8715,0
8716,1
8717,0
8718,1
8719,0
8720,1
8721,0
8722,1
8723,0
8724,0
8725,0
8726,0
8727,0
8728,1
8729,0
8730,0
8731,1
8732,1
8733,1
8734,0
8735,0
8736,0
8737,1
8738,0
8739,1
8740,0
8741,0
8742,1
8743,1
8744,1
8745,0
8746,1
8747,1
8748,0
8749,1
8750,0
8751,0
8752,1
8753,0
8754,0
8755,1
8756,1
8757,0
8758,0
8759,0
8760,1
8761,1
8762,0
8763,1
8764,1
8765,0
8766,1
8767,1
8768,1
8769,1
8770,0
8771,0
8772,0
8773,0
8774,1
8775,1
8776,0
8777,0
8778,0
8779,1
8780,1
8781,1
8782,0
8783,0
8784,0
8785,1
8786,1
8787,1
8788,0
8789,1
8790,1
8791,1
8792,1
8793,1
8794,1
8795,0
8796,0
8797,1
8798,0
8799,0
8800,1
8801,0
8802,1
8803,1
8804,0
8805,1
8806,0
8807,0
8808,0
8809,0
8810,1
8811,0
8812,0
8813,1
8814,1
8815,1
8816,1
8817,0
8818,0
8819,1
8820,1
8821,1
8822,1
8823,1
8824,1
8825,1
8826,1
8827,1
8828,0
8829,0
8830,1
8831,1
8832,1
8833,0
8834,0
8835,1
8836,0
8837,0
8838,1
8839,0
8840,1
8841,1
8842,0
8843,0
8844,1
8845,1
8846,0
8847,0
8848,1
8849,1
8850,0
8851,0
8852,1
8853,1
8854,1
8855,1
8856,1
8857,1
8858,0
8859,1
8860,1
8861,1
8862,1
8863,0
8864,1
8865,1
8866,1
8867,0
8868,0
8869,0
8870,0
8871,1
8872,0
8873,1
8874,1
8875,1
8876,1
8877,0
8878,1
8879,0
8880,0
8881,1
8882,1
8883,0
8884,1
8885,1
8886,0
8887,1
8888,1
8889,1
8890,1
8891,0
8892,0
8893,0
8894,0
8895,0
8896,1
8897,1
8898,0
8899,1
8900,0
8901,1
8902,0
8903,1
8904,0
8905,1
8906,0
8907,1
8908,0
8909,1
8910,0
8911,1
8912,1
8913,0
8914,1
8915,0
8916,1
8917,0
8918,1
8919,0
8920,0
8921,1
8922,1
8923,1
8924,1
8925,0
8926,0
8927,0
8928,0
8929,0
8930,0
8931,1
8932,1
8933,0
8934,1
8935,1
8936,0
8937,1
8938,0
8939,1
8940,0
8941,0
8942,1
8943,0
8944,1
8945,0
8946,1
8947,0
8948,0
8949,0
8950,1
8951,0
8952,1
8953,0
8954,0
8955,0
8956,1
8957,0
8958,0
8959,1
8960,1
8961,0
8962,0
8963,0
8964,0
8965,0
8966,0
8967,0
8968,1
8969,1
8970,0
8971,1
8972,0
8973,0
8974,1
8975,1
8976,1
8977,0
8978,0
8979,1
8980,0
8981,1
8982,0
8983,0
8984,1
8985,0
8986,1
8987,0
8988,1
8989,1
8990,1
8991,1
8992,1
8993,0
8994,1
8995,1
8996,1
8997,0
8998,0
8999,0
9000,0
9001,1
9002,1
9003,1
9004,1
9005,1
9006,0
9007,1
9008,1
9009,0
9010,1
9011,1
9012,1
9013,0
9014,0
9015,1
9016,1
9017,1
9018,0
9019,0
9020,0
9021,1
9022,0
9023,0
9024,1
9025,0
9026,1
9027,0
9028,0
9029,1
9030,0
9031,0
9032,1
9033,1
9034,1
9035,1
9036,0
9037,0
9038,0
9039,1
9040,0
9041,0
9042,0
9043,0
9044,0
9045,0
9046,1
9047,0
9048,1
9049,1
9050,1
9051,1
9052,0
9053,1
9054,0
9055,1
9056,1
9057,0
9058,1
9059,1
9060,1
9061,0
9062,1
9063,0
9064,0
9065,0
9066,0
9067,0
9068,0
9069,1
9070,1
9071,1
9072,0
9073,0
9074,1
9075,1
9076,0
9077,0
9078,1
9079,1
9080,0
9081,0
9082,1
9083,1
9084,0
9085,1
9086,0
9087,1
9088,1
9089,1
9090,1
9091,1
9092,1
9093,0
9094,1
9095,1
9096,0
9097,1
9098,1
9099,0
9100,1
9101,1
9102,0
9103,0
9104,0
9105,1
9106,1
9107,1
9108,1
9109,1
9110,0
9111,0
9112,0
9113,1
9114,1
9115,0
9116,0
9117,1
9118,0
9119,1
9120,0
9121,0
9122,0
9123,0
9124,1
9125,1
9126,0
9127,1
9128,1
9129,0
9130,1
9131,0
9132,0
9133,1
9134,1
9135,1
9136,1
9137,1
9138,1
9139,0
9140,1
9141,1
9142,1
9143,1
9144,1
9145,1
9146,0
9147,1
9148,0
9149,0
9150,0
9151,0
9152,1
9153,0
9154,0
9155,1
9156,1
9157,1
9158,1
9159,1
9160,1
9161,0
9162,0
9163,0
9164,1
9165,0
9166,0
9167,1
9168,0
9169,1
9170,0
9171,1
9172,0
9173,0
9174,0
9175,0
9176,0
9177,0
9178,1
9179,1
9180,1
9181,0
9182,0
9183,0
9184,1
9185,0
9186,1
9187,0
9188,0
9189,0
9190,0
9191,1
9192,1
9193,0
9194,1
9195,1
9196,1
9197,1
9198,1
9199,0
9200,0
9201,0
9202,1
9203,1
9204,0
9205,0
9206,0
9207,0
9208,1
9209,0
9210,1
9211,1
9212,1
9213,0
9214,1
9215,1
9216,1
9217,1
9218,1
9219,0
9220,0
9221,0
9222,0
9223,1
9224,0
9225,0
9226,1
9227,0
9228,1
9229,1
9230,0
9231,1
9232,0
9233,1
9234,0
9235,0
9236,1
9237,0
9238,1
9239,0
9240,0
9241,0
9242,0
9243,1
9244,1
9245,1
9246,1
9247,1
9248,1
9249,1
9250,0
9251,0
9252,1
9253,0
9254,0
9255,0
9256,1
9257,1
9258,0
9259,1
9260,0
9261,0
9262,1
9263,0
9264,1
9265,1
9266,0
9267,0
9268,1
9269,1
9270,1
9271,1
9272,0
9273,0
9274,1
9275,1
9276,1
9277,1
9278,0
9279,1
9280,0
9281,0
9282,0
9283,1
9284,1
9285,1
9286,1
9287,1
9288,0
9289,0
9290,0
9291,1
9292,1
9293,1
9294,0
9295,0
9296,1
9297,0
9298,1
9299,1
9300,1
9301,0
9302,1
9303,0
9304,0
9305,0
9306,0
9307,0
9308,0
9309,1
9310,1
9311,1
9312,1
9313,0
9314,1
9315,0
9316,0
9317,0
9318,1
9319,1
9320,0
9321,0
9322,1
9323,1
9324,0
9325,0
9326,0
9327,1
9328,1
9329,0
9330,1
9331,1
9332,0
9333,0
9334,1
9335,1
9336,0
9337,1
9338,0
9339,1
9340,0
9341,0
9342,1
9343,0
9344,0
9345,1
9346,0
9347,0
9348,0
9349,0
9350,1
9351,1
9352,0
9353,0
9354,0
9355,1
9356,0
9357,1
9358,0
9359,0
9360,1
9361,1
9362,0
9363,1
9364,0
9365,0
9366,1
9367,0
9368,0
9369,1
9370,1
9371,1
9372,1
9373,0
9374,0
9375,0
9376,0
9377,0
9378,0
9379,1
9380,0
9381,1
9382,0
9383,1
9384,0
9385,0
9386,1
9387,0
9388,0
9389,1
9390,0
9391,0
9392,0
9393,0
9394,1
9395,1
9396,1
9397,1
9398,0
9399,0
9400,0
9401,1
9402,0
9403,1
9404,1
9405,1
9406,1
9407,1
9408,1
9409,1
9410,0
9411,0
9412,0
9413,1
9414,1
9415,0
9416,0
9417,0
9418,0
9419,1
9420,1
9421,1
9422,1
9423,0
9424,1
9425,0
9426,1
9427,1
9428,1
9429,1
9430,0
9431,1
9432,0
9433,1
9434,0
9435,0
9436,0
9437,0
9438,0
9439,1
9440,0
9441,1
9442,1
9443,0
9444,0
9445,1
9446,1
9447,1
9448,0
9449,0
9450,0
9451,0
9452,0
9453,0
9454,1
9455,1
9456,0
9457,1
9458,0
9459,0
9460,1
9461,0
9462,0
9463,1
9464,1
9465,0
9466,1
9467,0
9468,0
9469,1
9470,1
9471,1
9472,1
9473,1
9474,0
9475,0
9476,1
9477,1
9478,1
9479,1
9480,1
9481,0
9482,0
9483,0
9484,0
9485,0
9486,0
9487,0
9488,0
9489,0
9490,0
9491,1
9492,0
9493,1
9494,0
9495,0
9496,1
9497,0
9498,0
9499,0
9500,1
9501,1
9502,1
9503,0
9504,1
9505,1
9506,1
9507,0
9508,1
9509,0
9510,1
9511,1
9512,0
9513,1
9514,0
9515,1
9516,1
9517,1
9518,1
9519,1
9520,0
9521,0
9522,0
9523,1
9524,1
9525,1
9526,1
9527,0
9528,0
9529,1
9530,0
9531,0
9532,1
9533,0
9534,0
9535,1
9536,0
9537,1
9538,0
9539,0
9540,0
9541,1
9542,0
9543,1
9544,0
9545,1
9546,0
9547,1
9548,0
9549,0
9550,1
9551,1
9552,0
9553,0
9554,0
9555,0
9556,0
9557,0
9558,1
9559,1
9560,1
9561,0
9562,1
9563,1
9564,1
9565,0
9566,1
9567,0
9568,1
9569,1
9570,0
9571,1
9572,0
9573,1
9574,1
9575,1
9576,0
9577,1
9578,1
9579,0
9580,1
9581,1
9582,1
9583,1
9584,1
9585,0
9586,0
9587,1
9588,0
9589,0
9590,0
9591,1
9592,0
9593,0
9594,1
9595,0
9596,1
9597,0
9598,0
9599,0
9600,0
9601,0
9602,0
9603,0
9604,1
9605,0
9606,1
9607,1
9608,0
9609,0
9610,1
9611,0
9612,1
9613,0
9614,1
9615,0
9616,1
9617,1
9618,1
9619,1
9620,1
9621,1
9622,1
9623,0
9624,1
9625,0
9626,0
9627,0
9628,1
9629,0
9630,1
9631,1
9632,0
9633,1
9634,0
9635,0
9636,0
9637,0
9638,1
9639,0
9640,0
9641,0
9642,1
9643,0
9644,1
9645,0
9646,0
9647,1
9648,1
9649,0
9650,1
9651,0
9652,1
9653,1
9654,0
9655,0
9656,0
9657,1
9658,1
9659,0
9660,0
9661,1
9662,1
9663,0
9664,1
9665,0
9666,1
9667,0
9668,0
9669,1
9670,0
9671,1
9672,0
9673,1
9674,1
9675,0
9676,1
9677,0
9678,0
9679,0
9680,0
9681,1
9682,1
9683,0
9684,1
9685,1
9686,1
9687,0
9688,0
9689,0
9690,0
9691,1
9692,1
9693,1
9694,0
9695,1
9696,0
9697,1
9698,1
9699,0
9700,0
9701,1
9702,1
9703,0
9704,0
9705,1
9706,1
9707,1
9708,1
9709,0
9710,0
9711,1
9712,0
9713,1
9714,1
9715,0
9716,1
9717,1
9718,1
9719,1
9720,0
9721,1
9722,0
9723,0
9724,1
9725,1
9726,0
9727,0
9728,1
9729,0
9730,0
9731,1
9732,1
9733,1
9734,0
9735,1
9736,1
9737,1
9738,0
9739,1
9740,1
9741,0
9742,1
9743,0
9744,1
9745,1
9746,0
9747,0
9748,0
9749,1
9750,0
9751,0
9752,1
9753,1
9754,1
9755,1
9756,1
9757,1
9758,1
9759,1
9760,1
9761,0
9762,1
9763,1
9764,1
9765,1
9766,1
9767,1
9768,1
9769,0
9770,0
9771,1
9772,0
9773,1
9774,1
9775,1
9776,1
9777,0
9778,1
9779,0
9780,1
9781,1
9782,1
9783,1
9784,1
9785,1
9786,0
9787,0
9788,1
9789,0
9790,0
9791,1
9792,1
9793,1
9794,1
9795,1
9796,0
9797,0
9798,1
9799,1
9800,0
9801,1
9802,1
9803,1
9804,0
9805,1
9806,1
9807,1
9808,1
9809,0
9810,1
9811,1
9812,1
9813,1
9814,1
9815,1
9816,1
9817,1
9818,1
9819,1
9820,0
9821,1
9822,1
9823,0
9824,0
9825,0
9826,1
9827,0
9828,1
9829,0
9830,1
9831,0
9832,1
9833,1
9834,1
9835,1
9836,0
9837,1
9838,1
9839,0
9840,0
9841,0
9842,0
9843,0
9844,1
9845,0
9846,0
9847,1
9848,1
9849,1
9850,1
9851,0
9852,1
9853,1
9854,1
9855,0
9856,1
9857,1
9858,1
9859,0
9860,1
9861,1
9862,1
9863,1
9864,0
9865,1
9866,0
9867,1
9868,1
9869,0
9870,0
9871,1
9872,1
9873,0
9874,0
9875,0
9876,1
9877,1
9878,1
9879,0
9880,1
9881,1
9882,1
9883,1
9884,0
9885,0
9886,0
9887,0
9888,1
9889,1
9890,1
9891,1
9892,1
9893,0
9894,0
9895,0
9896,0
9897,0
9898,1
9899,0
9900,0
9901,1
9902,0
9903,0
9904,0
9905,1
9906,0
9907,0
9908,1
9909,0
9910,1
9911,0
9912,1
9913,0
9914,1
9915,0
9916,0
9917,1
9918,0
9919,1
9920,0
9921,0
9922,0
9923,1
9924,1
9925,0
9926,0
9927,1
9928,1
9929,0
9930,0
9931,0
9932,0
9933,1
9934,1
9935,0
9936,0
9937,1
9938,0
9939,1
9940,1
9941,0
9942,0
9943,0
9944,1
9945,1
9946,1
9947,1
9948,1
9949,1
9950,1
9951,0
9952,0
9953,1
9954,1
9955,1
9956,0
9957,0
9958,1
9959,1
9960,0
9961,1
9962,0
9963,1
9964,0
9965,1
9966,1
9967,1
9968,1
9969,1
9970,0
9971,0
9972,0
9973,1
9974,0
9975,1
9976,1
9977,1
9978,0
9979,1
9980,0
9981,0
9982,1
9983,1
9984,0
9985,1
9986,0
9987,0
9988,1
9989,0
9990,0
9991,1
9992,0
9993,1
9994,1
9995,1
9996,0
9997,0
9998,1
9999,0
